:020000040800F2
:10000000F8B302206D020008E55C0008EF2200084A
:10001000E35C000869060008C569000800000000EC
:1000200000000000000000000000000067650008FC
:100030006B06000800000000075D0008ED65000881
:10004000870200088702000887020008870200086C
:10005000870200088702000887020008870200085C
:10006000870200088702000887020008870200084C
:10007000870200088702000887020008870200083C
:10008000870200088702000887020008870200082C
:10009000870200088702000887020008870200081C
:1000A000870200088702000887020008870200080C
:1000B00087020008870200088702000887020008FC
:1000C00087020008870200088702000887020008EC
:1000D00087020008596900088702000887020008A3
:1000E00087020008870200088702000887020008CC
:1000F00087020008870200088702000887020008BC
:1001000087020008870200088702000887020008AB
:10011000870200088702000887020008870200089B
:10012000870200088702000887020008870200088B
:10013000870200088702000887020008870200087B
:10014000870200088702000887020008870200086B
:10015000870200088702000887020008870200085B
:10016000870200088702000887020008870200084B
:1001700087020008870200088702000800000000CC
:10018000870200088702000887020008870200082B
:10019000870200088702000887020008870200081B
:1001A00087020008870200088702000800F002F8B2
:1001B00000F044F80AA090E8000C82448344AAF1BD
:1001C0000107DA4501D100F039F8AFF2090EBAE8BB
:1001D0000F0013F0010F18BFFB1A43F0010318477B
:1001E00020B8000040B80000103A24BF78C878C199
:1001F000FAD8520724BF30C830C144BF04680C602D
:10020000704700000023002400250026103A28BF74
:1002100078C1FBD8520728BF30C148BF0B60704778
:10022000642900F08580782900F0BE8000207047A6
:100230001FB507F011F81FBD10B510BD00F0E2F9B1
:100240001146FFF7F5FF06F0FBFB00F000FA03B4E0
:10025000FFF7F2FF03BC06F0B6FB000030BF72B63A
:10026000704762B6704780F3088870470948804736
:1002700009480047FEE7FEE7FEE7FEE7FEE7FEE788
:10028000FEE7FEE7FEE7FEE704480549054A064BA0
:1002900070470000F1650008AD010008F8AD0220CC
:1002A000F8B30220F8AF0220F8AF02207047000038
:1002B0000FB4044910B503AA029800F075F910BCF8
:1002C0005DF814FB200000202DE9F0410E460446A5
:1002D000002020622046E168884730B3252805D0F9
:1002E000D4E901219047206A401CF2E7E1682046EA
:1002F00000278847050018D0A5F14100192802D829
:1003000020354FF400673246294620462760FFF724
:1003100087FF40B1012804D0F61D26F007060836F5
:10032000D8E7361DD6E72846DAE7206ABDE8F0812F
:100330002DE9F0410646002410687529314616A5BE
:1003400010D0AFF30080002802DA404213A507E086
:1003500031688A0701D512A502E0490704D511A525
:10036000012401E0AFF3008000210A2206F12407F6
:1003700009E0B0FBF2FCB0FBF2F302FB1C003030F2
:1003800078541846491C0028F3D123462A463046A3
:10039000BDE8F04100F0AFB8000000002D00000003
:1003A0002B0000002000000070B504460D462146D9
:1003B0001068AFF300802188090502D50F4A7A44FE
:1003C00002E00E4A7A440E32002104F1240305E0D3
:1003D00000F00F060009965D5E54491C0028F7D115
:1003E00020780023000704D5702D02D009B1022324
:1003F00011322046BDE8704000F07DB816B600000E
:10040000032A40F2308010F0030C00F0158011F840
:10041000013BBCF1020F624498BF11F801CB00F818
:10042000013B38BF11F8013BA2F1040298BF00F86C
:1004300001CB38BF00F8013B11F0030300F0258029
:10044000083AC0F0088051F8043B083A51F804CB50
:10045000A0E80810F5E7121D5CBF51F8043B40F816
:10046000043BAFF30080D20724BF11F8013B11F821
:1004700001CB48BF11F8012B24BF00F8013B00F865
:1004800001CB48BF00F8012B704710B5203AC0F0EF
:100490000B80B1E81850203AA0E81850B1E8185085
:1004A000A0E81850BFF4F5AF5FEA027C24BFB1E8C2
:1004B0001850A0E8185044BF18C918C0BDE8104033
:1004C0005FEA827C24BF51F8043B40F8043B08BF3C
:1004D0007047D20728BF31F8023B48BF11F8012B03
:1004E00028BF20F8023B48BF00F8012B7047704737
:1004F0007047704770472DE9F0470D469946924680
:10050000044600F124080168880604D5E06921F05A
:100510001001216000E00120A84201DD471B00E03E
:100520000027A1697A1902EB0900081AA061207856
:10053000C00602D42046AFF30080002608E0D4E9CC
:1005400001211AF806009047206A401C761C2062A0
:100550004E45F4DB2078C0060AD52046AFF3008074
:1005600006E0D4E9012130209047206A401C206237
:10057000381EA7F10107F4DC07E0D4E9012118F8DF
:1005800005009047206A401C2062281EA5F1010545
:10059000F3DC2046AFF300802078000602D502206D
:1005A000BDE8F0870120FBE7074B70B50D467B44A3
:1005B00000F011F80446284600F020F810B14FF082
:1005C000FF3070BD204670BD7B64000001694A1C8D
:1005D00002610878704700B58FB0CDE90131002184
:1005E000059105497944CDE9031011466846FFF7A6
:1005F0006BFE0FB000BD0000E5FFFFFF007B00F0C9
:1006000080007047754600F02BF8AE46050069463D
:10061000534620F00700854618B020B5FFF734FE9A
:10062000BDE820404FF000064FF000074FF00008F3
:100630004FF0000B21F00701AC46ACE8C009ACE874
:10064000C009ACE8C009ACE8C0098D46704710B5D8
:100650000446AFF300802046BDE81040FFF7F7BD29
:100660000048704798AD0220FEE7704770B5B3F5BB
:10067000804F05D06FF0704140F82210002070BD0F
:1006800050F82230084C2340D1E9004544EA0514D3
:100690008D688E892D0245EA064589692C430C43F5
:1006A0001C4340F82240E9E70000F0CFF0B50C68A9
:1006B00050F82450194A1540D1E90123D1E90367C4
:1006C0001A433E4332434E6932438E693243CE6908
:1006D00032430E6A32434E6A32438E6A3243CE6AE6
:1006E0003243CE6B32430E6B32434E6B32432A435E
:1006F000082B01D142F0400240F824204A6BB2F5A9
:10070000801F08D10A6832B14FF480720A6104492F
:100710000268114301600020F0BD00008000E0FF8E
:1007200000011000F0B500EB820253688E8903F0DF
:100730004044D1E9003543EA05138D682D0245EAAE
:1007400006452B430E8A0D4D05EB065633430E7DB1
:100750006F0107EB066633438E69334323435360CF
:100760000268D20207D54268098A22F4700205EBBA
:100770000151114341600020F0BD00000000F0FF76
:1007800030B5D1E901231A43D1E9033423431A4395
:100790004B690D681A438B691A43D1E90734012D5F
:1007A000496A05686FF30E0505D01A4322430A43D0
:1007B0002A43026008E0234329430B434168036056
:1007C0006FF30E010A434260002030BD426942EAE5
:1007D0004101416100207047F8B514460546D1E952
:1007E000000210438A686FF01F03C96803EB4212CE
:1007F00042EA412108430090286100F053F906467F
:1008000009E0601C07D024B100F04CF9801BA04225
:1008100001D90320F8BDA8698006F2D40020F8BDF4
:10082000F0B56FF00F05D1E9003405EB04145B1E41
:100830002E0123438C682F0306EB04244FEA054C5A
:1008400023430D8A8E8ACC68097E4FF07F4E07EBDA
:1008500005450CEB06560EEB0161012A0CD08268AF
:100860003F1107EB043423432B43334302F0704220
:100870000B43134383600FE0C2682B430B4302F02A
:1008800070428168134301F070422103A1F5805149
:1008900031431143C36081600020F0BD31B500F0E9
:1008A00001F9044600F0FEF80099001B8842F9D3D4
:1008B00038BD00002DE9F84FDFF8A091002209F1C2
:1008C000040A0AF1040B4FF00F080BF1040E012685
:1008D0000B6896403340B34271D14C68022C01D072
:1008E000122C11D1D40800EB84073D6A5407E40EA2
:1008F00008FA04FC25EA0C05D1F810C00CFA04FC37
:100900004CEA050CC7F820C007685400032591F88D
:1009100004C0A5400CF0030CAF430CFA04FC4CEAF5
:10092000070CC0F800C04F68012F05D0022F03D07C
:10093000112F01D0122F11D18768D1F80CC0AF430D
:100940000CFA04FC4CEA070CC0F808C04768B7432F
:100950000E79C6F3001696403E434660C668AE4325
:100960008D68A5403543C5604C68E4006FD53C4CAC
:10097000256845F480452560246822F0030504F4C9
:1009800080440094374C2E19D6F808789407250F28
:1009900008FA05F4A743344CA04201D100242EE00C
:1009A000324CA04201D1012429E0314CA04201D1B6
:1009B000022424E02F4CA04202D103241FE046E091
:1009C0002D4CA04201D1042419E02C4CA04201D1AD
:1009D000052414E02A4CA04201D106240FE0294C42
:1009E000A04201D107240AE0274CA04201D10824EB
:1009F00005E0264CA04201D1092400E00A24AC40C5
:100A00003C43C6F80848D9F800404D464E689C4320
:100A1000F60300D51C432C60DAF8004055464E68BA
:100A20009C43B60300D51C432C60DBF800405D46B8
:100A30004E689C43F60200D51C432C60DEF8004053
:100A400075464E689C43B60200D51C432C60521C70
:100A5000102AFFF43CAFBDE8F88F0000003C0140D5
:100A600044380240003001400000024000040240CF
:100A700000080240000C0240001002400014024036
:100A800000180240001C02400020024000240240E6
:100A90000069084000D0012070470AB181617047A9
:100AA0000904FBE7014800687047000014000020BB
:100AB00002480168491C01607047000014000020D2
:100AC0000B4810B5016841F400710160016841F400
:100AD00080610160016841F480710160052000F0CF
:100AE000BFF90F2000F006F800F08AF9002010BDD1
:100AF000003C024010B5044600F060FC4FF47A71EF
:100B0000B0FBF1F001F084FA00222146501E00F003
:100B100087F9002010BD2DE9F041044690F8A000AF
:100B200015460F4601281DD0012684F8A06002203A
:100B300084F8A10005EB850000EBC50004EB800004
:100B400034223830FFF7A1FC2A463946204605F00A
:100B500017F82068466284F8A160002084F8A0009D
:100B6000BDE8F0810220FBE770B5040004D094F8E2
:100B7000A100002510B106E0012070BD84F8A0504E
:100B8000204600F06FF8022084F8A10020688169F7
:100B900021F070418161D4E901100143D4E90302DD
:100BA0001043014320688269114381612068826893
:100BB0002B490A408260A08A020420688368A669E3
:100BC0003343134383602068C2680A40C260A08B2D
:100BD00002042068C368266A33431343C360206855
:100BE00002690A400261A08C020420680369A66AB7
:100BF000334313430361206842690A404261A08D78
:100C0000010420684269236B1A430A43426194F845
:100C10003500020294F8360001042068C36A03F02C
:100C20007F43C3622068C36A94F83460114333433E
:100C30000B43C3622068416B41F0040141632068AB
:100C4000416B41F0020141632068816941F001017B
:100C50008161C4F8A450012084F8A100002070BD77
:100C600000F800F030B5364887B00025016841F043
:100C700080610160006800F08060059030481438A1
:100C8000016841F400010160016801F4000105916F
:100C9000016841F002010160016801F00201059163
:100CA000016841F020010160016801F02001059117
:100CB000016841F040010160016801F040010591C7
:100CC000016841F080010160016801F08001059137
:100CD000016841F4807101600068032400F48070B1
:100CE0000590202000900120CDE902040190694682
:100CF0001448FFF7DFFD4FF4806000900220CDE93B
:100D000001050E20CDE9034069460F48FFF7D2FDEB
:100D10004FF40C60009069460C48FFF7CBFD4FF490
:100D20007E40009069460A48FFF7C4FD40F2F76034
:100D3000009069460748FFF7BDFD07B030BD0000D1
:100D400044380240000402400014024000180240EF
:100D5000001C02400020024070B5044690F8A0003C
:100D60000E46012820D0012584F8A050022084F8E6
:100D7000A10003EB830000EBC30004EB800141F80A
:100D8000386F886A3044C1E90102C86A1044C860FB
:100D90001A46204604F0F4FE2068456284F8A1500B
:100DA000002084F8A00070BD022070BD2DE9F04144
:100DB000044690F8A0000F4601281FD0012584F8B2
:100DC000A050022084F8A10003EB830000EBC300D5
:100DD00004EB80010026E1E90E672046C1E90262CA
:100DE000C1E90A721A4604F0CBFE2068456284F815
:100DF000A15084F8A0600020BDE8F0810220FBE74C
:100E000008B50020009008BD00F01F0201219140AC
:100E10004009800000F1E020C0F800117047000098
:100E2000F0B40E4B1B68C3F30223C3F10704042C78
:100E300000D904241D1D072D01D2002300E0DB1E74
:100E4000012606FA04F56D1E0D409D409E40761E5B
:100E5000164045EA0601F0BC04F045BF0CED00E089
:100E6000064A00F0070110684FF6FF03184040EAF9
:100E70000120034908431060704700000CED00E0BA
:100E80000000FA052DE9F8431D48016841F0805142
:100E900001600068012700F080500090380490FA4B
:100EA000A0F0DFF86080B0FA80F048F82070FFF71B
:100EB000F9FD04464FF47A75134E04E0FFF7F2FD96
:100EC000001BA84213D87068C003F7D54FF4003058
:100ED00090FAA0F0B0FA80F048F82070FFF7E2FD39
:100EE000044607E0FFF7DEFD001BA84202D90320FD
:100EF000BDE8F88370688003F4D50020F8E70000AF
:100F00004038024000000E42007000402DE9F84FCA
:100F100004460068DFF878829E4DC10747F6C07A24
:100F20004FF0E0464FF0010B4FF0000901D1800770
:100F30004BD59949C1F86890FFF7B4FD074604E026
:100F4000FFF7B0FDC01B64287ED828680001F7D4E5
:100F500020789249C0070DD09AFAAAF26068B2FAD6
:100F600082F2904096FAA6F3A268B3FA83F39A400D
:100F7000104308602078800718D5086896FAA6F212
:100F800000F0E040B2FA82F2D0406268237B920126
:100F900042EA036242EA00700860D8F80010E26991
:100FA00021F01F01521E1143C8F800107A49C1F800
:100FB00068B0FFF777FD074604E0FFF773FDC01B3D
:100FC000642841D828680001F7D52068410701D47A
:100FD000000776D57049C1F87090FFF763FD0746AA
:100FE00004E0FFF75FFDC01B64282DD82868C043CC
:100FF0008000F6D520786A4F40074FF0706C29D5F5
:10100000386896FAA6F100F0E040B1FA81F1C840E4
:101010009AFAAAF22169B2FA82F291409CFAACF3F0
:101020006269B3FA83F39A40114396FAA6F2B2FAD0
:1010300082F2904001433960D8F800106FF0FF034E
:1010400021F4F851226A00E079E003EB0222114317
:10105000C8F800102078000723D538689CFAACF156
:1010600000F07060B1FA81F1C8409AFAAAF22169E1
:10107000B2FA82F291409CFAACF2B2FA82F290405B
:10108000014396FAA6F2A069B2FA82F290400143B7
:101090003960D8F80010626A21F440311143C8F871
:1010A00000103D49C1F870B0FFF7FCFC064604E0B3
:1010B000FFF7F8FC801B642841D82868C0438000F3
:1010C000F6D42078800651D532484F46403001682A
:1010D00041F0805101600068324E00F08050009075
:1010E000306840F480703060FFF7DCFC054604E0B7
:1010F000FFF7D8FC401B642821D83068C005F7D51D
:10110000264E143E3068218D00F4407001F4407189
:1011100088422BD03068244920F44070C1F800B0D8
:101120000F603060800710D5FFF7BCFC054641F228
:10113000883707E0FFF7B6FC401BB84202D903200E
:10114000BDE8F88F30688007F4D5A06A1149C0F374
:1011500001220831032A13D0086820F4F81008602F
:101160003068218DC1F30B01084330602078C00640
:1011700004D50E4994F82C00C1F8E0010020DFE707
:101180000A680B4B22F4F812184002430A60E7E7A2
:101190008C38024000380240000047428438024048
:1011A0008838024000700040400E4742001047421D
:1011B000FFFCFF0F2DE9F05FDFF8F8A104460F46B2
:1011C000DAF80000DFF8F08100F00F02C8B27A49C7
:1011D000814641F2883608F10808BA4261D20246D7
:1011E0008AF80020DAF8000000F00F00B8427DD144
:1011F0002078800707D5D8F80020A36822F0F002F5
:101200001A43C8F800202078C0072DD06068012854
:101210001AD002281BD0032819D009688907002991
:1012200064DAD8F80010474621F003010143C8F8FA
:101230000010FFF737FC0546606801280FD0022830
:1012400018D003281CD027E009688903E7E709685C
:101250008901E4E7FFF726FC401BB04258D8386804
:10126000C0F381000128F5D188E0FFF71BFC401B8B
:10127000B0424DD83868C0F381000228F5D17DE036
:101280003868FFF70FFC401BB042F9D940E0FFF788
:1012900009FC401BB0423BD8386810F00C0FF6D167
:1012A0006CE02078800707D5D8F80020A36822F0EA
:1012B000F0021A43C8F800202078C0074CD06068BC
:1012C000012828D0022829D0032827D009688907B7
:1012D000002949DAD8F8002022F003020243C8F8B6
:1012E0000020FFF7DFFB0546606800E03CE00128D6
:1012F0001DD0022829D0032838D0B346464630688E
:1013000010F00C0F28D0FFF7CDFB411B5945F6D943
:101310000320BDE8F09F09688903D9E709688901BE
:10132000D6E7FFF7BFFB411B594502D9F0E7B346AB
:1013300046463068C0F381000128F2D10CE0FFF787
:10134000B1FB411B594502D9E2E7B3464646306836
:10135000C0F381000228F2D18AF80090DAF8000088
:1013600000F00F00B84209D00120D2E744462068BF
:10137000FFF798FB401BB042F9D9C9E72078400736
:1013800007D5D8F80010E26821F4E0511143C8F8FD
:1013900000102078000708D5D8F80010226921F441
:1013A000604141EAC201C8F800100F20FFF7A2FB1C
:1013B0000020AEE7003C02400038024010B500F0CB
:1013C00043F808490968F02292FAA2F201F0F0010C
:1013D000B2FA82F2D140044A515CC8400349086025
:1013E00010BD0000083802406272000800000020B2
:1013F00010B5FFF7E3FF074909684FF4E05292FA8E
:10140000A2F201F4E051B2FA82F2D140024A515CF8
:10141000C84010BD083802406272000810B5FFF7DE
:10142000CDFF074909684FF4604292FAA2F201F435
:101430006041B2FA82F2D140024A515CC84010BD0C
:10144000083802406272000830B51948006810F090
:101450000C01184812D0184C04290ED008290DD1BF
:10146000134A121F1168136801F03F015D0247F62D
:10147000C07304D5B4FBF1F003E0204630BDB0FBEF
:10148000F1F01168194093FAA3F3B3FA83F3D9404A
:10149000484311684FF4403292FAA2F201F440310D
:1014A000B2FA82F2D140491C4900B0FBF1F030BDE4
:1014B000083802400024F40040787D012DE9F84FFF
:1014C00004460078DFF8FCA2BF4DC0074FF00006CD
:1014D00048D0DAF800105046C1F38101012908D044
:1014E0000068C0F3810002280AD1281D006840026C
:1014F00006D52868800335D56068002873D031E0B0
:10150000DFF8C49209F1020989F80060FFF7CAFA0E
:10151000074641F2883804E0FFF7C4FAC11B414591
:101520007AD828688003F7D4207989F800006068A9
:1015300060B1FFF7B7FA074604E0FFF7B3FAC11B43
:101540004145EDD828688003F7D50BE0FFF7AAFAEC
:10155000074604E0FFF7A6FAC11B4145E0D828681A
:101560008003F7D42078DFF86492800744D5DAF856
:101570000010504611F00C0F4FF0F80809D0006829
:10158000C0F3810002280BD18E48001F0068400282
:1015900006D42868800714D5E068012823D110E01C
:1015A000E068D0B10120C9F80000FFF77BFA0746D8
:1015B00004E0FFF777FAC01B6428B1D828688007D9
:1015C000F7D5286898FAA8F22169B2FA82F220F0D9
:1015D000F8009140084328600EE0C9F80060FFF76A
:1015E00061FA074605E0EAE0FFF75CFAC01B6428F1
:1015F00012D828688007F7D42078000725D5DFF8AF
:10160000C4817348616908F16C0881B101210160EE
:10161000FFF748FA074605E07EE0FFF743FAC01BF4
:10162000642879D8D8F800008007F6D50DE0066068
:10163000FFF738FA074604E0FFF734FAC01B6428C6
:101640006AD8D8F800008007F6D42078400753D530
:101650005C483830016841F0805101600068DFF873
:10166000748100F080500090D8F8001041F480712F
:10167000C8F80010FFF716FA074604E0FFF712FA61
:10168000C01B642848D8D8F80000C005F6D5DFF89C
:1016900034B10BF1680B8BF80060FFF703FA0746D3
:1016A00041F2883804E0FFF7FDF9C11B41457ED8BF
:1016B000DBF800008007F6D4207A8BF80000A068E1
:1016C00068B1FFF7EFF9074604E0FFF7EBF9C11B3C
:1016D00041456CD8DBF800008007F6D50CE0FFF739
:1016E000E1F9074604E0FFF7DDF9C11B41455ED88B
:1016F000DBF800008007F6D4A069E8B3DAF8001040
:10170000C1F3810102295AD0022806D0C9F86060CD
:10171000FFF7C8F904464DE049E04F46C9F860605C
:10172000FFF7C0F9064604E0FFF7BCF9801B642808
:101730003DD828688001F7D4D4E90701084347F66B
:10174000C07191FAA1F1626AB1FA81F18A40A16A8D
:101750004FF0FF3303EB51014FF4403393FAA3F3FF
:10176000B3FA83F399400A4310434FF0706292FA40
:10177000A2F2B2FA82F200E01FE0E16A914008436F
:101780001049091F086001203866FFF78BF90446ED
:1017900004E0FFF787F9001B642808D82868800157
:1017A000F7D50AE0FFF77EF9001B642802D9032071
:1017B000BDE8F88F28688001F4D40020F8E7012004
:1017C000F6E70000083802400038024000004742B7
:1017D000800E47420070004070B50D46040003D0F3
:1017E00094F82C0010B107E0012070BD002084F8AF
:1017F0002D00204600F012F8022084F82C00211D54
:101800002068FEF7BDFFD4E900022946FFF708F87B
:10181000012084F82C00002070BD0000304800B585
:10182000016887B041F001010160006800F001002B
:1018300005902B480838016841F0040101600168F7
:1018400001F004010591016841F00801016001689F
:1018500001F008010591016841F010010160016883
:1018600001F010010591016841F02001016001685B
:1018700001F020010591016841F04001016000681C
:10188000694600F0400005900D2000900220019074
:1018900001200290032003900C2004901148FFF7D0
:1018A00009F84CF20370009069460F48FFF702F800
:1018B0004FF68370009069460C48FEF7FBFF4FF629
:1018C0003F00009069460A48FEF7F4FF48F23710DF
:1018D000009069460748FEF7EDFF07B000BD000025
:1018E0003838024000080240000C0240001002405C
:1018F000001402400018024010B5044690F82C0075
:10190000022809D0022084F82C002068FEF75EFF30
:10191000012084F82C00002010BD70B5044690F81A
:101920002C000D4602280CD0022084F82C002068E0
:10193000FEF752FF2868022804D0012084F82C000A
:10194000002070BD0520F9E72DE9F04790F8202030
:1019500081F85620828CA1F85420826A0023120E4E
:1019600094090C70C2F383044C7002F003028A7075
:10197000826A120CCA70028D120A0A7190F828202D
:101980004A71C26A4FF6FF7A120E0AEA0212CA8040
:10199000C26ACC88C2F3074244EA1214CC8002F037
:1019A0000F020A72828DC2F30722D4094C72C2F36D
:1019B00080148C72C2F34014CC72C2F300140C7306
:1019C00000264E73046A4FF00109002C7DD0012CD3
:1019D000FCD0022C7AD02923C2F380144C769206D4
:1019E000520E01F81A2F10F8302F0C7844EAD21456
:1019F00001F8014B02F07F0201F8012B50F8042F8F
:101A0000120ED4090C70C2F341144C70C2F382045C
:101A10008C709207120FCA7004C8CC78C2F30742C8
:101A200044EA9214CC70C2F340140C714E7102F06F
:101A300001028A7130F8042CC2F30722D409CC7158
:101A4000C2F380140C72C2F340144C72C2F300143F
:101A50008C72C2F38104CC7202F003020A7310F894
:101A6000042C52084A734C4681F80E9050F8082B0B
:101A7000120E0A7450F8082C120C0AEA02224A824A
:101A800030F8082C4D8AC2F3072215434D8210F816
:101A9000082C120641F8142F50F8042C0D68120E71
:101AA00045EA02420A6050F8042C0D68C2F307426E
:101AB00045EA02220A6030F8042C0D68C2F30722BE
:101AC000154320C110F8042C01E034E076E001F861
:101AD000012B0268120E01F8032B0268120C120689
:101AE0000A6002880D68C2F3072245EA02420A60D2
:101AF00002780D6845EA02220A6042680D6845EAEC
:101B0000126520C142680D78C2F3074245EA1215FA
:101B100001F8025B1207120D0A8082880D88C2F359
:101B20000722154321F8025B0079400808704C70C9
:101B30001846BDE8F0879207120D0A6190F82C2034
:101B40000C6944EA82020A61026B0C69120E44EAD3
:101B500092140C61C2F3C2040C7502F007024A75BC
:101B6000026BC2F3074254098C75C2F38204CC7530
:101B70009207520F0A76028E0C7EC2F3072244EAC5
:101B8000D2140C760C690F7EBF1C09FA07F5641C91
:101B9000A4FB05784FEAE57C06FB058504FB0C55A4
:101BA00091F808C009FA0CF4A7FB04C80C6505FB02
:101BB000048407FB0644C1E912C40DE790F82C2009
:101BC0009206920A0A61026B0C69120E44EA022222
:101BD0000A61026B0C69C2F3074214430C61028E66
:101BE0000C69C2F30722641C46F10005ED0445EAC6
:101BF0005435E404C1E912454FF400740C65EBE67A
:101C000070B586B000250E4604468DF80C50057759
:101C100000F046F876200095CDE901502B462A4683
:101C20002946206804F092F8204604F027FB8DF83E
:101C30000C009DF80C0038B9204604F0B1FA8DF87C
:101C40000C009DF80C0018B19DF80C0006B070BD9A
:101C500031462046FFF778FE8DF80C009DF80C0009
:101C6000A0B9B6F85400694600040090072001901E
:101C70004020CDE9020500010490206804F07FF8BF
:101C80000721204604F0FEF88DF80C0004F1100046
:101C900007C88DE8070094E80F0004F057F8D3E771
:101CA0001D4800B5016887B041F40061016000681B
:101CB00000F40060059018481438016841F4800170
:101CC0000160016801F480010591016841F004019F
:101CD0000160016801F004010591016841F008010B
:101CE00001600068694600F0080005904FF4F85064
:101CF00000900220019001200290032003900C200C
:101D000004900648FEF7D6FD04200090694604487A
:101D1000FEF7D0FD07B000BD443802400008024085
:101D2000000C02402DE9F04F8BB004460D46DDE972
:101D30001478216800201646C862216A022903D15E
:101D40000F02560A46EAC3561021CDE90071402120
:101D5000834608010291CDE903B06946206804F08A
:101D60000EF81021204604F08DF800286DD14FF0B8
:101D7000FF3A08FB07F0CDE905A007A990204FF036
:101D8000020981E8010A01200A9005A9206803F0F0
:101D9000BBFFB8F1010F01D9122000E01120CDE9FD
:101DA00000606946206803F0EAFFB8F1010F1AD914
:101DB0001221204604F066F8070046D140F22A3B83
:101DC0002068416B11EA0B0F28D1406B0004F7D556
:101DD0000026206803F0D0FF45F82600761C082E68
:101DE000F7D32035ECE71121204604F04BF807002B
:101DF0002BD140F22A6B2068416B11EA0B0F0DD1F9
:101E0000406B0004F7D50026206803F0B5FF45F8C5
:101E10002600761C082EF7D32035ECE7406BC00572
:101E20000CD5B8F1010F09D9206A18B1012801D0E9
:101E3000022803D1204600F033F807462168486B9A
:101E4000000705D50820886304200BB0BDE8F08F9B
:101E5000486B800703D54846C1F83890F5E7486BD2
:101E6000800603D5202088630620EEE7486B8005B6
:101E700004D54FF4007088630720E6E7564603E078
:101E800003F07AFF01C5761E2068416B890201D5F7
:101E9000002EF5D1216840F2FF5088633846D4E720
:101EA00010B586B0044600200C21CDE90001402188
:101EB000CDE90210080104906946206803F05FFF35
:101EC0000C21204603F0DEFF06B010BDFEB504462F
:101ED000006A00250E46032805D030B1012804D041
:101EE000022802D01FE02720FEBDB6F5805F05D096
:101EF000B6F5006F04D03EB1262514E0272512E088
:101F0000204604F0F6FA02E0204604F0B9FA050093
:101F100009D1211DD4E905070EC9CDE9006002975A
:101F2000206803F013FF2846FEBD70B515460E4627
:101F3000040003D094F8490010B107E0012070BDFF
:101F4000002084F84800204600F01AF804F1080147
:101F50002068FEF7ABFB3146A2682068FEF7E2FB83
:101F6000D4E901022946236BFEF780FBA1682068B3
:101F700050F8212042F0010240F82120002070BDDD
:101F80001A4800B5016887B041F00101016000689E
:101F900000F00100059015480838016841F008017B
:101FA0000160016801F008010591016841F010012C
:101FB00001600068694600F0100005904EF2B370B1
:101FC00000900220019001200290032003900C2039
:101FD00004900748FEF76EFC4FF68070009069464B
:101FE0000448FEF767FC07B000BD00003838024027
:101FF000000C0240001002404FF0E0210428086964
:1020000003D020F004000861704740F00400FAE7B4
:1020100010B5401EB0F1807F01D3012010BD4FF0FC
:10202000E02460610F21601703F05DFE0020A061D5
:1020300007202061002010BD704738B501680446B4
:102040000868CA68C0F3000002F4807238B132B187
:10205000086848680090E06B40F00100E0630868A1
:102060004A69C0F3400002F0010238B132B1086899
:1020700048680090E06B40F00400E06308684A693B
:10208000C0F3800002F0010238B132B1086848683C
:102090000090E06B40F00200E06308684A69C0F31A
:1020A000C00002F0010238B132B1086848680090FF
:1020B000E06B40F00800E0630868C968C0F34010B6
:1020C00001F0200118B111B1204604F0BBFA2068DC
:1020D0000168C068C1F3C01100F0800019B110B1EF
:1020E000204604F0BDFB21680868CA68C0F3801070
:1020F00002F04002012568B162B1CA68204622F0B0
:102100004002CA6094F8391032290CD080F8395056
:1021100000F0ECF8E06B002804D084F83950204639
:10212000FFF78AFF38BD222180F83910F0E770B53B
:10213000040004D094F83900002510B106E0012015
:1021400070BD84F83850204600F020F8022084F852
:1021500039002068C16821F40051C160204604F0B4
:10216000C5FA2068016921F4904101612068416944
:1021700021F02A0141612068C16841F40051C16029
:10218000E563012084F83900002070BD30B50446B5
:102190000068204987B0884239D11F48016841F062
:1021A00001010160006800F0010005901A48143038
:1021B000016841F0100101600068012100F0100089
:1021C00005904FF4007000900220CDE901010390CA
:1021D0000720124D049069462846FEF76BFB281530
:1021E000009069462846FEF765FB2068C16821F02B
:1021F0004001C1602068C16841F02001C160252014
:10220000FEF702FE032211462520FEF709FE07B065
:1022100030BD000000100140303802400000024094
:102220002DE9F047044690F8390099460D460128FB
:1022300001D0122857D125B31AB394F838000128D9
:1022400051D0012684F838600027E76394F83900FC
:10225000122819D0222084F83900A285E2854FF493
:102260008058E08D4B46401EE085A0684FF000028C
:1022700040454FF02001204616D104F024FBB0B9B0
:1022800004E00120BDE8F0873220E4E7206900285F
:102290002068406803D0C1B225F8011B12E0C0F3EA
:1022A000080125F8021B0DE004F00DFB08B1032026
:1022B000E8E7206900282068406801D000F07F002E
:1022C00005F8010BE08D0028CBD194F839003228B5
:1022D00005D084F8396084F838700020D2E71220E5
:1022E00084F83900F7E70220CCE770477047FEE733
:1022F00070B51B4886B00025016841F001010160FE
:10230000016801F001010591016841F004010160DB
:10231000016801F004010591016841F0800101604C
:102320000068032400F08000059002200126CDE91A
:102330000204CDE9006569460A48FEF7BBFA70035E
:1023400003948DE8610069460748FEF7B3FA0C2054
:10235000009069460548FEF7ADFA06B070BD000072
:10236000303802400000024000080240001C0240D9
:102370002DE9F0470126304C7703DFF8C080DFF805
:10238000C090304D01281DD02078A0B108212846EA
:10239000FEF77EFBC0B104212846FEF779FB98B119
:1023A00039464046FEF774FB70B101214846FEF7FE
:1023B0006FFB012808D008212846FEF769FB012899
:1023C00026D037E02670E1E70A2004F007FB002062
:1023D000207008212846FEF75BFB80B104212846C7
:1023E000FEF756FB70B139464046FEF751FB58B137
:1023F00001214846FEF74CFB012807D01AE00120D6
:10240000BDE8F0870220FBE70320F9E70420F7E7A7
:1024100004212846FEF73CFB01280BD139464046F3
:10242000FEF736FB012805D101214846FEF730FBB7
:1024300000B926700020E3E74800002000080240B1
:1024400000000240001C024070B50E490E4A0646CC
:1024500008881268002422B13046BDE8704003F0BD
:1024600043B94D8800214543084602F0A1FF03F01F
:1024700003F9B1B2054801E00180641CAC42FBD312
:1024800070BD0000D0A90220BCAA02200000086094
:102490002DE9F05F3E4C3F4DA071296839B103F042
:1024A00043F9E88A2080288B6080BDE8F09F384996
:1024B0002C252B2689884FF0F00845F210594FF44F
:1024C000305A4FF4285B4FF42C5E2A274FF44873A0
:1024D0004FF4A07C4FF4F07260B1A4F800C0A4F8EF
:1024E0000280494532D1A4F808A0A4F80AB0A4F8A3
:1024F0000CE042E0A4F80080A4F802C0494506D1EF
:10250000A4F808A0A4F80AB0A4F80CE011E0A1F522
:10251000C850633825810AD06781A681A1F5A640FD
:10252000103809D0A1F5EE40963805D007E0668155
:10253000A78122806380F1E7A4F800C06280A1F542
:10254000184006381FD1228063801CE0A1F5C850D6
:1025500063380FD0A1F5184006380BD0258167816C
:10256000A681A1F5A64010380AD0A1F5EE40963814
:1025700006D008E025816781A68123806280F0E78C
:102580002280A4F802C0BDE8F05F002002F03EBE49
:10259000D0A90220BCAA02202DE9F041044634480B
:1025A0000D46006820B12046BDE8F04103F0D0B8E8
:1025B000304E270A3046B1884089A1F5AA434FEA38
:1025C0001528103B0FD0A1F5C853633B24D003F06E
:1025D00047F8384603F038F8E0B203F035F8B08930
:1025E00003F03EF836E003F03BF8384603F02CF8F1
:1025F0007089401C80B203F033F8E0B203F024F895
:10260000B08903F02DF8404603F01EF8B089401C55
:1026100080B203F025F820E0B17919B93188091B9F
:10262000491E8CB203F01CF8270A384603F00CF858
:10263000E0B203F009F8384603F006F8E0B203F020
:1026400003F8B08903F00CF8404602F0FDFFE8B251
:1026500002F0FAFF404602F0F7FFE8B202F0F4FFA2
:10266000054930890880881C0280BDE8F08100009F
:10267000BCAA0220D0A90220FEFF07602DE9F04F7E
:1026800095B003F021FAF84C47F2897545F21036FF
:10269000A08045F2105947F2967849F6060A41F6AD
:1026A000631B18B103F0CCF802F03BBDEF480027E4
:1026B000016841F002010160006810A900F0020009
:1026C0000090202010900120119012900320139070
:1026D000E748FEF7EFF8E4484FF02041503802AAEF
:1026E0000160E449C0E901171021C760C0E9047125
:1026F00087610902C761C0E909718900C0E90B71EE
:1027000089014763C0E90E7146210B910F20CDE985
:102710000907CDE902070490D3480F9709A9089744
:102720005038FFF702FC322004F058F9D32002F0B1
:1027300097FF02F039FDA08002F036FDA08002F084
:1027400033FD4FF6FF7707EA0020A08002F02CFD52
:10275000A1880843A0F51341A08041397DD0042011
:1027600002F07EFF02F020FDA08002F01DFDA0809F
:1027700002F01AFD07EA0020A08002F015FDA188F2
:102780000843A0F50541A080523967D0A84264D023
:10279000D42002F065FF02F007FDA08002F004FDE6
:1027A000A08002F001FD07EA0020A08002F0FCFCFE
:1027B000A1880843A080B04276D0D32002F050FF19
:1027C00002F0F2FCA08002F0EFFCA08002F0ECFC32
:1027D00007EA0020A08002F0E7FCA1880843A0805F
:1027E000404561D055214FF4704002F04FFFAA21BF
:1027F0004FF2010002F04AFF52214FF2020002F0B4
:1028000045FF08214FF2030002F040FF01214FF283
:10281000040002F03BFF4FF4454002F021FF02F0BC
:10282000C3FC07EA0020A0804CF2015002F018FF20
:1028300002F0BAFCA1880843A080052004F0CEF87D
:10284000A188494530D0D32002F00AFF02F0ACFC49
:10285000A08002F0A9FCA08001E020E020E002F0CE
:10286000A3FC07EA0020A08002F09EFCA188084398
:10287000A080504518D0A12002F0F2FE02F094FC96
:10288000A08002F091FC07EA0020A08002F08CFCFE
:10289000A1880843A0F5AE41A080613902D003E0D1
:1028A000A58001E0A4F804B0A18873A0FDF700FDA5
:1028B000A088A0F5134141397ED0A8427DD11120D6
:1028C00002F0CEFE782004F089F8362002F0C8FE2F
:1028D000002002F0B9FE3A2002F0C2FE052002F00C
:1028E000B3FEB22002F0BCFE0C2002F0ADFE0C20C4
:1028F00002F0AAFE002002F0A7FE332002F0A4FEA0
:10290000332002F0A1FEB72002F0AAFE352002F02B
:102910009BFEBB2002F0A4FE322002F095FEC020F8
:1029200002F09EFE0C2002F08FFEC22002F098FE04
:10293000012002F089FEC32002F092FE102002F076
:1029400083FEC42002F08CFE202002F07DFEC62013
:1029500002F086FE0F2002F077FED02002F080FE0B
:10296000A42002F071FEA12002F06EFEE02002F031
:1029700077FED02002F068FE002002F065FE022003
:1029800002F062FE072002F05FFE0A2002F05CFE09
:10299000282002F059FE322002F056FE442002F0B8
:1029A00053FE422002F050FE062002F04DFE0E20A3
:1029B00002F04AFE122001E066E077E102F044FEF8
:1029C000142002F041FE172002F03EFEE12002F04A
:1029D00047FED02002F038FE002002F035FE022033
:1029E00002F032FE072002F02FFE0A2002F02CFE39
:1029F000282002F029FE312002F026FE542002F0A9
:102A000023FE472002F020FE0E2002F01DFE1C20B7
:102A100002F01AFE172002F017FE1B2002F014FE2F
:102A20001E2002F011FE2A2002F01AFE002002F001
:102A30000BFE002002F008FE002002F005FEEF2051
:102A400002F002FE2B2002F00BFE002002F0FCFD43
:102A5000002002F0F9FD012002F0F6FD3F2002F017
:102A6000F3FD292002F0A0BAD0A90220303802409C
:102A700000040240040100A0204C43442049443A91
:102A800025780D0A00000000CF2002F0E9FD0020AB
:102A900002F0DAFDC12002F0D7FD302002F0D4FDB3
:102AA000ED2002F0DDFD642002F0CEFD032002F0F7
:102AB000CBFD122002F0C8FD812002F0C5FDE82008
:102AC00002F0CEFD852002F0BFFD102002F0BCFD1B
:102AD0007A2002F0B9FDCB2002F0C2FD392002F0CD
:102AE000B3FD2C2002F0B0FD002002F0ADFD34203B
:102AF00002F0AAFD022002F0A7FDF72002F0B0FDCF
:102B0000202002F0A1FDEA2002F0AAFD002002F040
:102B10009BFD002002F098FDC02002F0A1FD1B20CB
:102B200002F092FDC12002F09BFD012002F08CFD1D
:102B3000C52002F095FD302002F086FD302002F025
:102B400083FDC72002F08CFDB72002F07DFD36200A
:102B500002F086FD482002F077FD3A2002F080FD69
:102B6000552002F071FDB12002F07AFD002002F044
:102B70006BFD1A2002F068FDB62002F071FD0A20FC
:102B800002F062FDA22002F05FFDF22002F068FD7B
:102B9000002002F059FD262002F062FD012002F023
:102BA00053FDE02002F05CFD0F2002F04DFD2A20D5
:102BB00002F04AFD282002F047FD082002F044FD03
:102BC0000E2002F041FD082002F03EFD542002F0EC
:102BD0003BFDA92002F038FD432002F035FD0A201C
:102BE00002F032FD0F2002F02FFD002002F02CFD3C
:102BF000002002F029FD002002F026FD002002F056
:102C000023FDE12002F02CFD002002F01DFD152027
:102C100002F01AFD172002F017FD072002F014FD44
:102C2000112002F011FD062002F00EFD2B2002F013
:102C30000BFD562002F008FD3C2002F005FD0520AA
:102C400002F002FD102002F0FFFC0F2002F0FCFC5D
:102C50003F2002F0F9FC3F2002F0F6FC0F2002F0CA
:102C6000F3FC2B2002F0FCFC002002F0EDFC002025
:102C700002F0EAFC012002F0E7FC3F2002F0E4FC55
:102C80002A2002F0EDFC002002F0DEFC002002F021
:102C9000DBFC002002F0D8FCEF2002F0D5FC112074
:102CA00002F0DEFC782003F099FEDAE6B0427CD137
:102CB000ED2002F0D5FC012002F0C6FCFE2002F05F
:102CC000C3FCEE2002F0CCFCDE2002F0BDFC212093
:102CD00002F0BAFCF12002F0C3FC012002F0B4FCC7
:102CE000DF2002F0BDFC102002F0AEFCC42002F098
:102CF000B7FC8F2002F0A8FCC62002F0B1FC002037
:102D000002F0A2FCE22002F09FFCE22002F09CFC18
:102D1000E22002F099FCBF2002F0A2FCAA2002F0FF
:102D200093FCB02002F09CFC0D2002F08DFC0020F2
:102D300002F08AFC0D2002F087FC002002F084FCE7
:102D4000112002F081FC002002F07EFC192002F02C
:102D50007BFC002002F078FC212002F075FC0020B2
:102D600002F072FC2D2002F06FFC002002F06CFCDF
:102D70003D2002F069FC002002F066FC5D2002F0BC
:102D800063FC002002F060FC5D2002F05DFC00208E
:102D900002F05AFCB12002F063FC802002F054FCE7
:102DA000002002F051FC8B2000E0FCE302F04CFC20
:102DB000002002F049FC962002F046FC002002F0C0
:102DC00043FCB22002F04CFC002002F03DFC00204D
:102DD00002F03AFC022002F037FC002002F034FC42
:102DE000032002F031FC002002F02EFCB32002F0A0
:102DF00037FC002002F028FC002002F025FC002017
:102E000002F022FC002002F01FFC002002F01CFC5B
:102E1000002002F019FC002002F016FC002002F055
:102E200013FC002002F010FC002002F00DFC00203A
:102E300002F00AFC002002F007FC002002F004FC73
:102E4000002002F001FC002002F0FEFB002002F056
:102E5000FBFB002002F0F8FB002002F0F5FB002055
:102E600002F0F2FB002002F0EFFB002002F0ECFB8E
:102E7000002002F0E9FB002002F0E6FB002002F057
:102E8000E3FBB42002F0ECFB8B2002F0DDFB002022
:102E900002F0DAFB962002F0D7FB002002F0D4FB10
:102EA000A12002F0D1FB002002F0CEFBB52002F001
:102EB000D7FB022002F0C8FB002002F0C5FB032074
:102EC00002F0C2FB002002F0BFFB042002F0BCFBBA
:102ED000002002F0B9FBB62002F0C2FB002002F095
:102EE000B3FB002002F0B0FBB72002F0B9FB0020DA
:102EF00002F0AAFB002002F0A7FB3F2002F0A4FB97
:102F0000002002F0A1FB5E2002F09EFB002002F0F8
:102F10009BFB642002F098FB002002F095FB8C20C4
:102F200002F092FB002002F08FFBAC2002F08CFB41
:102F3000002002F089FBDC2002F086FB002002F07A
:102F400083FB702002F080FB002002F07DFB9020CC
:102F500002F07AFB002002F077FBEB2002F074FB1A
:102F6000002002F071FBDC2002F06EFB002002F07A
:102F70006BFBB82002F074FB002002F065FB002020
:102F800002F062FB002002F05FFB002002F05CFB1D
:102F9000002002F059FB002002F056FB002002F056
:102FA00053FB002002F050FBBA2002F059FB242012
:102FB00002F04AFB002002F047FB002002F044FB35
:102FC000002002F041FBC12002F04AFB202002F069
:102FD0003BFB002002F038FB542002F035FB0020C0
:102FE00002F032FBFF2002F02FFB002002F02CFB4E
:102FF000C22002F035FB0A2002F026FB002002F07E
:1030000023FB042002F020FB002002F01DFBC32064
:1030100002F026FB3C2002F017FB002002F014FB1C
:103020003A2002F011FB002002F00EFB392002F0E2
:103030000BFB002002F008FB372002F005FB00200C
:1030400002F002FB3C2002F0FFFA002002F0FCFA42
:10305000362002F0F9FA002002F0F6FA322002F0EF
:10306000F3FA002002F0F0FA2F2002F0EDFA00202F
:1030700002F0EAFA2C2002F0E7FA002002F0E4FA6B
:10308000292002F0E1FA002002F0DEFA262002F008
:10309000DBFA002002F0D8FA242002F0D5FA002052
:1030A00002F0D2FA242002F0CFFA002002F0CCFA8B
:1030B000232002F0C9FA002002F0C6FA3C2002F0F8
:1030C000C3FA002002F0C0FA362002F0BDFA002058
:1030D00002F0BAFA322002F0B7FA002002F0B4FA95
:1030E0002F2002F0B1FA002002F0AEFA2C2002F0FC
:1030F000ABFA002002F0A8FA292002F0A5FA00207D
:1031000002F0A2FA262002F09FFA002002F09CFAB8
:10311000242002F099FA002002F096FA242002F00E
:1031200093FA002002F090FA232002F08DFA00209A
:1031300002F08AFAC42002F093FA622002F084FAC4
:10314000002002F081FA052002F07EFA002002F051
:103150007BFA842002F078FA002002F075FAF02061
:1031600002F072FA002002F06FFA182002F06CFAF6
:10317000002002F069FAA42002F066FA002002F0B2
:1031800063FA182002F060FA002002F05DFA502085
:1031900002F05AFA002002F057FA0C2002F054FA1A
:1031A000002002F051FA172002F04EFA002002F03F
:1031B0004BFA952002F048FA002002F045FAF3207D
:1031C00002F042FA002002F03FFAE62002F03CFA58
:1031D000002002F039FAC52002F042FA322002F053
:1031E00033FA002002F030FA442002F02DFA0020D9
:1031F00002F02AFA652002F027FA002002F024FAF1
:10320000762002F021FA002002F01EFA882002F057
:103210001BFA002002F018FAC62002F021FA202042
:1032200002F012FA002002F00FFA172002F00CFA56
:10323000002002F009FA012002F006FA002002F054
:1032400003FAC72002F00CFA002002F0FDF900207A
:1032500002F0FAF9002002F0F7F9002002F0F4F988
:10326000C82002F0FDF9002002F0EEF9002002F083
:10327000EBF9002002F0E8F9002002F0E5F9C9209E
:1032800002F0EEF9002002F0DFF9002002F0DCF994
:10329000002002F0D9F9002002F0D6F9002002F057
:1032A000D3F9002002F0D0F9002002F0CDF900207F
:1032B00002F0CAF9002002F0C7F9002002F0C4F9B8
:1032C000002002F0C1F9002002F0BEF9002002F057
:1032D000BBF9002002F0B8F9002002F0B5F9002097
:1032E00002F0B2F9E02002F0BBF9162002F0ACF9CE
:1032F000002002F0A9F91C2002F0A6F9002002F03B
:10330000A3F9212002F0A0F9002002F09DF9362057
:1033100002F09AF9002002F097F9462002F094F9A1
:10332000002002F091F9522002F08EF9002002F004
:103330008BF9642002F088F9002002F085F97A20E8
:1033400002F082F9002002F07FF98B2002F07CF974
:10335000002002F079F9992002F076F9002002F0BD
:1033600073F9A82002F070F9002002F06DF9B9207D
:1033700002F06AF9002002F067F9C42002F064F953
:10338000002002F061F9CA2002F05EF9002002F08C
:103390005BF9D22002F058F9002002F055F9D9204B
:1033A00002F052F9002002F04FF9E02002F04CF94F
:1033B000002002F049F9F32002F046F9002002F063
:1033C00043F9E12002F04CF9162002F03DF900200B
:1033D00002F03AF91C2002F037F9002002F034F92B
:1033E000222002F031F9002002F02EF9362002F0FE
:1033F0002BF9002002F028F9452002F025F90020E1
:1034000002F022F9522002F01FF9002002F01CF90C
:10341000642002F019F9002002F016F97A2002F077
:1034200013F9002002F010F98B2002F00DF90020B2
:1034300002F00AF9992002F007F9002002F004F9DD
:10344000A82002F001F9002002F0FEF8B92002F0F5
:10345000FBF8002002F0F8F8C42002F0F5F8002094
:1034600002F0F2F8CA2002F0EFF8002002F0ECF8C7
:10347000D22002F0E9F8002002F0E6F8D82002F0AD
:10348000E3F8002002F0E0F8E02002F0DDF8002090
:1034900002F0DAF8F32002F0D7F8002002F0D4F8B6
:1034A000E22002F0DDF8052002F0CEF8002002F064
:1034B000CBF80B2002F0C8F8002002F0C5F81B2062
:1034C00002F0C2F8002002F0BFF8342002F0BCF88D
:1034D000002002F0B9F8442002F0B6F8002002F013
:1034E000B3F84F2002F0B0F8002002F0ADF86120F0
:1034F00002F0AAF8002002F0A7F8792002F0A4F860
:10350000002002F0A1F8882002F09EF8002002F0CE
:103510009BF8972002F098F8002002F095F8A6207A
:1035200002F092F8002002F08FF8B72002F08CF839
:10353000002002F089F8C22002F086F8002002F094
:1035400083F8C72002F080F8002002F07DF8D12037
:1035500002F07AF8002002F077F8D62002F074F832
:10356000002002F071F8DD2002F06EF8002002F079
:103570006BF8F32002F068F8002002F065F8E32011
:1035800002F06EF8052002F05FF8002002F05CF80F
:103590000A2002F059F8002002F056F81C2002F030
:1035A00053F8002000E0FDE202F04EF8332002F074
:1035B0004BF8002002F048F8442002F045F80020C3
:1035C00002F042F8502002F03FF8002002F03CF8F0
:1035D000622002F039F8002002F036F8782002F07C
:1035E00033F8002002F030F8882002F02DF8002097
:1035F00002F02AF8972002F027F8002002F024F8C1
:10360000A62002F021F8002002F01EF8B72002F0F8
:103610001BF8002002F018F8C22002F015F8002074
:1036200002F012F8C72002F00FF8002002F00CF8A8
:10363000D12002F009F8002002F006F8D52002F0AF
:1036400003F8002002F000F8DD2001F0FDFF00206B
:1036500001F0FAFFF32001F0F7FF002001F0F4FF82
:10366000E42001F0FDFF012001F0EEFF002001F059
:10367000EBFF012001F0E8FF002001F0E5FF022050
:1036800001F0E2FF002001F0DFFF2A2001F0DCFF63
:10369000002001F0D9FF3C2001F0D6FF002001F00E
:1036A000D3FF4B2001F0D0FF002001F0CDFF5D20C3
:1036B00001F0CAFF002001F0C7FF742001F0C4FF31
:1036C000002001F0C1FF842001F0BEFF002001F0C6
:1036D000BBFF932001F0B8FF002001F0B5FFA2204E
:1036E00001F0B2FF002001F0AFFFB32001F0ACFF0A
:1036F000002001F0A9FFBE2001F0A6FF002001F08C
:10370000A3FFC42001F0A0FF002001F09DFFCD2009
:1037100001F09AFF002001F097FFD32001F094FF01
:10372000002001F091FFDD2001F08EFF002001F06C
:103730008BFFF32001F088FF002001F085FFE520DA
:1037400001F08EFF002001F07FFF002001F07CFFE0
:10375000002001F079FF002001F076FF022001F047
:1037600073FF002001F070FF292001F06DFF0020A1
:1037700001F06AFF3C2001F067FF002001F064FFC8
:103780004B2001F061FF002001F05EFF5D2001F0A1
:103790005BFF002001F058FF742001F055FF00206E
:1037A00001F052FF842001F04FFF002001F04CFF98
:1037B000932001F049FF002001F046FFA22001F014
:1037C00043FF002001F040FFB32001F03DFF002047
:1037D00001F03AFFBE2001F037FF002001F034FF76
:1037E000C42001F031FF002001F02EFFCD2001F0B8
:1037F0002BFF002001F028FFD32001F025FF00203F
:1038000001F022FFDC2001F01FFF002001F01CFF6F
:10381000F32001F019FF002001F016FFE62001F06F
:103820001FFF112001F010FF002001F00DFF3420D8
:1038300001F00AFF002001F007FF562001F004FF0D
:10384000002001F001FF762001F0FEFE002001F0D3
:10385000FBFE772001F0F8FE002001F0F5FE662067
:1038600001F0F2FE002001F0EFFE882001F0ECFEF6
:10387000002001F0E9FE992001F0E6FE002001F0B1
:10388000E3FEBB2001F0E0FE002001F0DDFE992008
:1038900001F0DAFE002001F0D7FE662001F0D4FE30
:1038A000002001F0D1FE552001F0CEFE002001F0F5
:1038B000CBFE552001F0C8FE002001F0C5FE4520DA
:1038C00001F0C2FE002001F0BFFE432001F0BCFE6B
:1038D000002001F0B9FE442001F0B6FE002001F006
:1038E000B3FEE72001F0BCFE322001F0ADFE002067
:1038F00001F0AAFE552001F0A7FE002001F0A4FE71
:10390000762001F0A1FE002001F09EFE662001F06D
:103910009BFE002001F098FE672001F095FE00203C
:1039200001F092FE672001F08FFE002001F08CFE76
:10393000872001F089FE002001F086FE992001F029
:1039400083FE002001F080FEBB2001F07DFE002000
:1039500001F07AFE992001F077FE002001F074FE5C
:10396000772001F071FE002001F06EFE442001F08E
:103970006BFE002001F068FE562001F065FE00207D
:1039800001F062FE232001F05FFE002001F05CFEEA
:10399000332001F059FE002001F056FE452001F0D1
:1039A00053FE002001F050FEE82001F059FE0020F7
:1039B00001F04AFE002001F047FE992001F044FE8C
:1039C000002001F041FE872001F03EFE002001F0C2
:1039D0003BFE882001F038FE002001F035FE772004
:1039E00001F032FE002001F02FFE662001F02CFED7
:1039F000002001F029FE882001F026FE002001F0C1
:103A000023FEAA2001F020FE002001F01DFEBB20B5
:103A100001F01AFE002001F017FE992001F014FEBB
:103A2000002001F011FE662001F00EFE002001F0E2
:103A30000BFE552001F008FE002001F005FE552088
:103A400001F002FE002001F0FFFD442001F0FCFD2A
:103A5000002001F0F9FD442001F0F6FD002001F006
:103A6000F3FD552001F0F0FD002001F0EDFDE9200F
:103A700001F0F6FDAA2001F0E7FD002001F0E4FDD1
:103A8000002001F0E1FD002001F0DEFD002001F04A
:103A9000E7FDAA2001F0D8FDCF2001F0E1FD0020D4
:103AA00001F0D2FD002001F0CFFD002001F0CCFD9F
:103AB000002001F0C9FD002001F0C6FD002001F04A
:103AC000C3FD002001F0C0FD002001F0BDFD00207D
:103AD00001F0BAFD002001F0B7FD002001F0B4FDB7
:103AE000002001F0B1FD002001F0AEFD002001F04A
:103AF000ABFD002001F0A8FD002001F0A5FD002095
:103B000001F0A2FDF02001F0ABFD002001F09CFDD2
:103B1000502001F099FD002001F096FD002001F0F9
:103B200093FD002001F090FDF32001F099FD0020AD
:103B300001F08AFDF92001F093FD062001F084FDDB
:103B4000102001F081FD292001F07EFD002001F010
:103B50007BFD3A2001F084FD552001F075FD112018
:103B600001F07EFD642002F039FF292001F078FD8C
:103B7000352001F075FD002001F066FD512001F0B7
:103B80006FFDFF2001F060FD532001F069FD2C2046
:103B900001F05AFD552001F063FD822001F054FD33
:103BA00001F001BA48457DD155214FF4704001F034
:103BB0006DFDAA214FF2010001F068FD52214FF284
:103BC000020001F063FD4FF203030821184601F0E3
:103BD0005DFD4FF204070121384601F057FD0D212C
:103BE0004FF4304001F052FD0D214BF2010001F085
:103BF0004DFD0D214BF2020001F048FD34214FF440
:103C0000364001F043FD34214BF2016001F03EFDEE
:103C100034214BF2026001F039FD0D214FF43140A7
:103C200001F034FD0D214BF2011001F02FFD0D21AB
:103C30004BF2021001F02AFD34214FF4374001F01D
:103C400025FD34214BF2017001F020FD34214BF2AF
:103C5000027001F01BFD00214FF4324001F016FD0F
:103C600000214BF2012001F011FD00214BF2022056
:103C700001F00CFD24214FF4384001F007FD242110
:103C80004BF6010001F002FD24214BF6020001F089
:103C9000FDFC01214FF43F4001F0F8FC0F214FF4EF
:103CA000334000E0FEE301F0F1FC0F214BF2013064
:103CB00001F0ECFC0F214BF2023001F0E7FC342163
:103CC0004FF4394001F0E2FC34214BF6011001F0D1
:103CD000DDFC34214BF6021001F0D8FC08214FF432
:103CE000354001F0D3FC08214BF2015001F0CEFC2D
:103CF00008214BF2025001F0C9FC03214FF442406D
:103D000001F0C4FC24214FF43A4001F0BFFC24210F
:103D10004BF6012001F0BAFC24214BF6022001F001
:103D2000B5FC00214FF43C4001F0B0FC78214BF68B
:103D3000014001F0ABFC00214BF6024001F0A6FC73
:103D400000214FF43D4001F0A1FC78214BF60150D9
:103D500001F09CFC00214BF6025001F097FC002181
:103D60004FF43E4001F092FC64214BF6016001F0FB
:103D70008DFC00214FF4514001F088FC33214DF2BD
:103D8000011001F083FC00214DF2021001F07EFCD5
:103D900034214DF2031001F079FC00214DF20410A2
:103DA00001F074FC3A214DF2051001F06FFC002186
:103DB0004DF2061001F06AFC4A214DF2071001F0A5
:103DC00065FC00214DF2081001F060FC5C214DF211
:103DD000091001F05BFC00214DF20A1001F056FCC5
:103DE00081214DF20B1001F051FC00214DF20C101D
:103DF00001F04CFCA6214DF20D1001F047FC002112
:103E00004DF20E1001F042FCE5214DF20F1001F0D1
:103E10003DFC01214DF2101001F038FC13214DF250
:103E2000111001F033FC01214DF2121001F02EFCB3
:103E300054214DF2131001F029FC01214DF2141010
:103E400001F024FC82214DF2151001F01FFC01212C
:103E50004DF2161001F01AFCCA214DF2171001F0B4
:103E600015FC02214DF2181001F010FC00214DF25A
:103E7000191001F00BFC02214DF21A1001F006FCA2
:103E800001214DF21B1001F001FC02214DF21C102A
:103E900001F0FCFB34214DF21D1001F0F7FB022173
:103EA0004DF21E1001F0F2FB67214DF21F1001F0E0
:103EB000EDFB02214DF2201001F0E8FB84214DF2D0
:103EC000211001F0E3FB02214DF2221001F0DEFB94
:103ED000A4214DF2231001F0D9FB02214DF2241050
:103EE00001F0D4FBB7214DF2251001F0CFFB0221E8
:103EF0004DF2261001F0CAFBCF214DF2271001F040
:103F0000C5FB02214DF2281001F0C0FBDE214DF26D
:103F1000291001F0BBFB02214DF22A1001F0B6FB83
:103F2000F2214DF22B1001F0B1FB02214DF22C10C9
:103F300001F0ACFBFE214DF22D1001F0A7FB032197
:103F40004DF22E1001F0A2FB10214DF22F1001F0C6
:103F50009DFB03214DF2301001F098FB33214DF20F
:103F6000311001F093FB03214DF2321001F08EFB72
:103F70006D214DF2331001F089FB00214FF45240C6
:103F800001F084FB33214DF2012001F07FFB002181
:103F90004DF2022001F07AFB34214DF2032001F0B2
:103FA00075FB00214DF2042001F070FB3A214DF227
:103FB000052001F06BFB00214DF2062001F066FBAD
:103FC0004A214DF2072001F061FB00214DF208204B
:103FD00001F05CFB5C214DF2092001F057FB002150
:103FE0004DF20A2001F052FB81214DF20B2001F02D
:103FF0004DFB00214DF20C2001F048FBA6214DF2B3
:104000000D2001F043FB00214DF20E2001F03EFB9C
:10401000E5214DF20F2001F039FB01214DF2102076
:1040200001F034FB13214DF2112001F02FFB01218F
:104030004DF2122001F02AFB54214DF2132001F021
:1040400025FB01214DF2142001F020FB82214DF2CD
:10405000152001F01BFB01214DF2162001F016FB8B
:10406000CA214DF2172001F011FB02214DF2182058
:1040700001F00CFB00214DF2192001F007FB022199
:104080004DF21A2001F002FB01214DF21B2001F03C
:10409000FDFA02214DF21C2001F0F8FA34214DF214
:1040A0001D2001F0F3FA02214DF21E2001F0EEFA7C
:1040B00067214DF21F2001F0E9FA02214DF2202084
:1040C00001F0E4FA84214DF2212001F0DFFA02210F
:1040D0004DF2222001F0DAFAA4214DF2232001F062
:1040E000D5FA02214DF2242001F0D0FAB7214DF289
:1040F000252001F0CBFA02214DF2262001F0C6FA6C
:10410000CF214DF2272001F0C1FA02214DF22820E3
:1041100001F0BCFADE214DF2292001F0B7FA0221AC
:104120004DF22A2001F0B2FAF2214DF22B2001F0DB
:10413000ADFA02214DF22C2001F0A8FAFE214DF239
:104140002D2001F0A3FA03214DF22E2001F09EFA5A
:1041500010214DF22F2001F099FA03214DF2302069
:1041600001F094FA33214DF2312001F08FFA03214E
:104170004DF2322001F08AFA6D214DF2332001F028
:1041800085FA00214FF4534001F080FA33214DF2BB
:10419000013001F07BFA00214DF2023001F076FA95
:1041A00034214DF2033001F071FA00214DF2043058
:1041B00001F06CFA3A214DF2053001F067FA002166
:1041C0004DF2063001F062FA4A214DF2073001F05B
:1041D0005DFA00214DF2083001F058FA5C214DF2F1
:1041E000093001F053FA00214DF20A3001F04EFA85
:1041F00081214DF20B3001F049FA00214DF20C30D3
:1042000001F044FAA6214DF20D3001F03FFA0021F1
:104210004DF20E3001F03AFAE5214DF20F3001F087
:1042200035FA01214DF2103001F030FA13214DF230
:10423000113001F02BFA01214DF2123001F026FA73
:1042400054214DF2133001F021FA01214DF21430C6
:1042500001F01CFA82214DF2153001F017FA01210C
:104260004DF2163001F012FACA214DF2173001F06A
:104270000DFA02214DF2183001F008FA00214DF23A
:10428000193001F003FA02214DF21A3001F0FEF963
:1042900001214DF21B3001F0F9F902214DF21C30E1
:1042A00001F0F4F934214DF21D3001F0EFF9022153
:1042B0004DF21E3001F0EAF967214DF21F3001F096
:1042C000E5F902214DF2203001F0E0F984214DF2B0
:1042D000213001F0DBF902214DF2223001F0D6F954
:1042E000A4214DF2233001F0D1F902214DF2243006
:1042F00001F0CCF9B7214DF2253001F0C7F90221C8
:104300004DF2263001F0C2F9CF214DF2273001F0F5
:10431000BDF902214DF2283001F0B8F9DE214DF24D
:10432000293001F0B3F902214DF22A3001F0AEF943
:10433000F2214DF22B3001F0A9F902214DF22C307F
:1043400001F0A4F9FE214DF22D3001F09FF9032177
:104350004DF22E3001F09AF910214DF22F3001F07C
:1043600095F903214DF2303001F090F933214DF2EF
:10437000313001F08BF903214DF2323001F086F932
:104380006D214DF2333001F081F900214FF454409A
:1043900001F07CF933214DF2014001F077F9002161
:1043A0004DF2024001F072F934214DF2034001F068
:1043B0006DF900214DF2044001F068F93A214DF207
:1043C000054001F063F900214DF2064001F05EF96D
:1043D0004A214DF2074001F059F900214DF2084001
:1043E00001F054F95C214DF2094001F04FF9002130
:1043F0004DF20A4001F04AF981214DF20B4001F0E3
:1044000045F900214DF20C4001F040F9A6214DF292
:104410000D4001F03BF900214DF20E4001F036F95C
:10442000E5214DF20F4001F031F901214DF210402C
:1044300001F02CF913214DF2114001F027F901216F
:104440004DF2124001F022F954214DF2134001F0D7
:104450001DF901214DF2144001F018F982214DF2AD
:10446000154001F013F901214DF2164001F00EF94B
:10447000CA214DF2174001F009F902214DF218400E
:1044800001F004F900214DF2194001F0FFF802217A
:104490004DF21A4001F0FAF801214DF21B4001F0F3
:1044A000F5F800E0FCE202214DF21C4001F0EEF8CC
:1044B00034214DF21D4001F0E9F802214DF21E4079
:1044C00001F0E4F867214DF21F4001F0DFF802210E
:1044D0004DF2204001F0DAF884214DF2214001F044
:1044E000D5F802214DF2224001F0D0F8A4214DF27E
:1044F000234001F0CBF802214DF2244001F0C6F830
:10450000B7214DF2254001F0C1F802214DF22640BD
:1045100001F0BCF8CF214DF2274001F0B7F802219D
:104520004DF2284001F0B2F8DE214DF2294001F0B1
:10453000ADF802214DF22A4001F0A8F8F2214DF227
:104540002B4001F0A3F802214DF22C4001F09EF81F
:10455000FE214DF22D4001F099F803214DF22E403D
:1045600001F094F810214DF22F4001F08FF8032153
:104570004DF2304001F08AF833214DF2314001F024
:1045800085F803214DF2324001F080F86D214DF2A3
:10459000334001F07BF800214FF4554001F076F8EC
:1045A00033214DF2015001F071F800214DF202501B
:1045B00001F06CF834214DF2035001F067F800214E
:1045C0004DF2045001F062F83A214DF2055001F02D
:1045D0005DF800214DF2065001F058F84A214DF2E5
:1045E000075001F053F800214DF2085001F04EF849
:1045F0005C214DF2095001F049F800214DF20A50BA
:1046000001F044F881214DF20B5001F03FF80021F8
:104610004DF20C5001F03AF8A6214DF20D5001F088
:1046200035F800214DF20E5001F030F8E5214DF241
:104630000F5001F02BF801214DF2105001F026F837
:1046400013214DF2115001F021F801214DF21250C9
:1046500001F01CF854214DF2135001F017F801211C
:104660004DF2145001F012F882214DF2155001F074
:104670000DF801214DF2165001F008F8CA214DF253
:10468000175001F003F802214DF2185000F0FEFF20
:1046900000214DF2195000F0F9FF02214DF21A509D
:1046A00000F0F4FF01214DF21B5000F0EFFF02215A
:1046B0004DF21C5000F0EAFF34214DF21D5000F085
:1046C000E5FF02214DF21E5000F0E0FF67214DF2A0
:1046D0001F5000F0DBFF02214DF2205000F0D6FF0A
:1046E00084214DF2215000F0D1FF02214DF22250E1
:1046F00000F0CCFFA4214DF2235000F0C7FF0221AF
:104700004DF2245000F0C2FFB7214DF2255000F0C9
:10471000BDFF02214DF2265000F0B8FFCF214DF22F
:10472000275000F0B3FF02214DF2285000F0AEFFF9
:10473000DE214DF2295000F0A9FF02214DF22A504E
:1047400000F0A4FFF2214DF22B5000F09FFF022158
:104750004DF22C5000F09AFFFE214DF22D5000F04A
:1047600095FF03214DF22E5000F090FF10214DF2E5
:104770002F5000F08BFF03214DF2305000F086FFE8
:1047800033214DF2315000F081FF03214DF23250C0
:1047900000F07CFF6D214DF2335000F077FF0021D7
:1047A0004FF4564000F072FF33214DF2016000F0EB
:1047B0006DFF00214DF2026000F068FF34214DF2E0
:1047C000036000F063FF00214DF2046000F05EFF23
:1047D0003A214DF2056000F059FF00214DF20660CC
:1047E00000F054FF4A214DF2076000F04FFF002116
:1047F0004DF2086000F04AFF5C214DF2096000F0C4
:1048000045FF00214DF20A6000F040FF81214DF28A
:104810000B6000F03BFF00214DF20C6000F036FF12
:10482000A6214DF20D6000F031FF00214DF20E6027
:1048300000F02CFFE5214DF20F6000F027FF012171
:104840004DF2106000F022FF13214DF2116000F0D4
:104850001DFF01214DF2126000F018FF54214DF2AE
:10486000136000F013FF01214DF2146000F00EFF01
:1048700082214DF2156000F009FF01214DF2166012
:1048800000F004FFCA214DF2176000F0FFFE022184
:104890004DF2186000F0FAFE00214DF2196000F0B0
:1048A000F5FE02214DF21A6000F0F0FE01214DF2FA
:1048B0001B6000F0EBFE02214DF21C6000F0E6FEF2
:1048C00034214DF21D6000F0E1FE02214DF21E6028
:1048D00000F0DCFE67214DF21F6000F0D7FE0221E0
:1048E0004DF2206000F0D2FE84214DF2216000F0F4
:1048F000CDFE02214DF2226000F0C8FEA4214DF24F
:10490000236000F0C3FE02214DF2246000F0BEFEE1
:10491000B7214DF2256000F0B9FE02214DF226606C
:1049200000F0B4FECF214DF2276000F0AFFE02216F
:104930004DF2286000F0AAFEDE214DF2296000F061
:10494000A5FE02214DF22A6000F0A0FEF2214DF2F8
:104950002B6000F09BFE02214DF22C6000F096FED1
:10496000FE214DF22D6000F091FE03214DF22E60EC
:1049700000F08CFE10214DF22F6000F087FE032125
:104980004DF2306000F082FE33214DF2316000F0D4
:104990007DFE03214DF2326000F078FE6D214DF274
:1049A000336000F073FE5521381F00F06FFEAA211E
:1049B000F81E00F06BFE5221B81E00F067FE0821C1
:1049C000184600F063FE0021384600F05FFECC215F
:1049D0004FF4314000F05AFE00214BF2011000F07C
:1049E00055FE05214FF4364000F050FE70214FF483
:1049F000374000F04BFE70214BF2017000F046FE94
:104A000001214FF4384000F041FE03214BF6010034
:104A100000F03CFE03214BF6020000F037FE0321BC
:104A20004BF6030000F032FE02214FF43C4000F050
:104A30002DFE00214BF6014000F028FE00214BF630
:104A4000024000F023FED0214FF4494000F01EFE4A
:104A500002214CF6011000F019FE50214CF6021014
:104A600000F014FE50214CF6031000F00FFE502110
:104A70004CF6041000F00AFE00214FF4545000F0F0
:104A800005FE55214FF4685000F000FE4FF48850A9
:104A900000F0E6FD782001F0AFFF4FF4245083E2F0
:104AA00040457CD1112000F0DBFD782001F096FF1D
:104AB000362000F0D5FD482000F0C6FD3A2000F079
:104AC000CFFD552000F0C0FDF02000F0C9FDC3204F
:104AD00000F0BAFDF02000F0C3FD962000F0B4FD18
:104AE000B42000F0BDFD012000F0AEFDB62000F0C6
:104AF000B7FD0A2000F0A8FDA22000F0A5FDB72018
:104B000000F0AEFDC62000F09FFDB92000F0A8FD2A
:104B1000022000F099FDE02000F096FDC02000F09A
:104B20009FFD802000F090FD162000F08DFDC1203B
:104B300000F096FD192000F087FDC22000F090FDE6
:104B4000A72000F081FDC52000F08AFD162000F0AE
:104B50007BFDE82000F084FD402000F075FD8A20F8
:104B600000F072FD002000F06FFD002000F06CFDF1
:104B7000292000F069FD192000F066FDA52000F055
:104B800063FD332000F060FDE02000F069FDF020BF
:104B900000F05AFD072000F057FD0D2000E063E013
:104BA00000F052FD042000F04FFD052000F04CFD08
:104BB000142000F049FD362000F046FD542000F09E
:104BC00043FD4C2000F040FD382000F03DFD132057
:104BD00000F03AFD142000F037FD2E2000F034FDE7
:104BE000342000F031FDE12000F03AFDF02000F02B
:104BF0002BFD102000F028FD142000F025FD0E20D4
:104C000000F022FD0C2000F01FFD082000F01CFD2C
:104C1000352000F019FD442000F016FD4C2000F076
:104C200013FD262000F010FD102000F00DFD1220D5
:104C300000F00AFD2C2000F007FD322000F004FDFA
:104C4000F02000F00DFD3C2000F0FEFCF02000F014
:104C500007FD692000F0F8FC782001F0BFFE21205C
:104C600000F0FEFCFDF7FDBE50457CD1FF2000F0BA
:104C7000F7FCFF2000F0E8FC982000F0E5FC06209F
:104C800000F0E2FCBC2000F0EBFC012000F0DCFCBA
:104C90000F2000F0D9FC612000F0D6FCFF2000F0CE
:104CA000D3FC012000F0D0FC012000F0CDFC0B2053
:104CB00000F0CAFC102000F0C7FC372000F0C4FC54
:104CC000632000F0C1FCFF2000F0BEFCFF2000F0DC
:104CD000BBFC012000F0B8FC012000F0B5FC002076
:104CE00000F0B2FC002000F0AFFCFF2000F0ACFCB4
:104CF000522000F0A9FC012000F0A6FC002000F0EA
:104D0000A3FC402000F0A0FCBD2000F0A9FC012085
:104D100000F09AFC232000F097FC452000F094FC62
:104D2000672000F091FC012000F08EFC232000F0B1
:104D30008BFC452000F088FC672000F085FCBE203D
:104D400000F08EFC002000F07FFC012000F07CFCD5
:104D5000AB2000F079FC602000F076FC222000F00F
:104D600073FC222000E022E100F06EFC222000F023
:104D70006BFC222000F068FC222000F065FCC720BC
:104D800000F06EFC362000F05FFCED2000F068FCC7
:104D90007F2000F059FC0F2000F056FCC02000F0EE
:104DA0005FFC0F2000F050FC0B2000F04DFC0A20AF
:104DB00000F04AFCFC2000F053FC082000F044FC0A
:104DC000DF2000F04DFC002000F03EFC002000F051
:104DD0003BFC002000F038FC002000F035FC0020F7
:104DE00000F032FC202000F02FFCF32000F038FC13
:104DF000742000F029FCB42000F032FC002000F008
:104E000023FC002000F020FC002000F01DFCF72017
:104E100000F026FC822000F017FCB12000F020FCFE
:104E2000002000F011FC132000F00EFC132000F015
:104E30000BFCF22000F014FC802000F005FC0420A4
:104E400000F002FC402000F0FFFB282000F0FCFBFB
:104E5000C12000F005FC172000F0F6FB882000F0D0
:104E6000F3FB882000F0F0FB202000F0EDFBE020B9
:104E700000F0F6FB002000F0E7FB0A2000F0E4FB66
:104E8000122000F0E1FB102000F0DEFB0E2000F00D
:104E9000DBFB202000F0D8FBCC2000F0D5FB072066
:104EA00000F0D2FB062000F0CFFB0B2000F0CCFB83
:104EB0000E2000F0C9FB0F2000F0C6FB0D2000F013
:104EC000C3FB152000F0C0FB102000F0BDFB00204C
:104ED00000F0BAFBE12000F0C3FB002000F0B4FBBF
:104EE0000B2000F0B1FB132000F0AEFB0D2000F012
:104EF000ABFB0E2000F0A8FB1B2000F0A5FB7120EF
:104F000000F0A2FB062000F09FFB062000F09CFBB7
:104F10000A2000F099FB0F2000F096FB0E2000F015
:104F200093FB0F2000F090FB152000F08DFB0C2070
:104F300000F08AFB002000F087FB2A2000F090FBA5
:104F4000002000F081FB002000F07EFB012000F03B
:104F50007BFBDF2000F078FB2B2000F081FB0020A2
:104F600000F072FB002000F06FFB032000F06CFBF0
:104F70001F2000F069FB3A2000F072FB552000F082
:104F800063FB362000F06CFB002000F05DFB11207D
:104F900000F066FB782001F021FD292000F060FB85
:104FA000142001F01BFD2C2000F05AFBB9E05845FD
:104FB000FCD1E22000F054FB1D2000F045FB022054
:104FC00000F042FB042000F03FFB642001F014FDE0
:104FD000E02000F045FB012000F036FB0A2001F044
:104FE000FDFCE02000F03CFB032000F02DFB0C203A
:104FF00001F0F4FC012000F033FB0A2001F0EEFC8C
:10500000E62000F02DFB2F2000F01EFBFF2000F01B
:105010001BFBFF2000F018FBB02000F021FB20203C
:1050200000F012FB002000F00FFB032000F00CFB4F
:1050300040F21F3000F008FB012000F005FB40F2B9
:10504000DF1000F001FB002000F0FEFAB42000F0B9
:1050500007FB042000F0F8FA40F21F4000F0F4FAD9
:10506000002000F0F1FA2E2000F0EEFA002000F00F
:10507000EBFA002000F0E8FA002000F0E5FA00204A
:1050800000F0E2FAB62000F0EBFA022000F0DCFAC1
:105090004FF4037000F0D8FA002000F0D5FA172082
:1050A00000F0D2FA152000F0CFFA002000F0CCFA80
:1050B000002000F0C9FAF02000F0D2FA032000F03E
:1050C000C3FA292000F0CCFAD02000F0C9FA002061
:1050D00000F0BAFABE2000F0C3FA052000F0B4FADE
:1050E000FE2000F0B1FA012000F0AEFA002000F03E
:1050F000ABFA002000F0A8FA002000F0A5FAB820D2
:1051000000F0AEFA032000F09FFA012000F09CFAB4
:10511000BA2000F0A5FA012000F096FA642000F011
:105120004DF8A088A0F5134141390BD0B04209D009
:10513000484507D0584505D0A84203D0404501D086
:10514000504519D14FF02040D0F8041121F00F0143
:10515000C0F80411D0F8041121F47061C0F80411F2
:10516000D0F8041141F00501C0F80411D0F8041181
:1051700041F4A061C0F804110020FDF789F9054948
:105180000120C1F894024FF6FF70FDF75DF915B0EC
:10519000BDE8F08F008040420346012000E0584304
:1051A000491EC9B2FBD27047034808B50088ADF864
:1051B0000000BDF8000008BD0000086010B5024600
:1051C000BE2000F04DFA052000F03EFA104601F036
:1051D00032FF9FED0C1B53EC112B01F03FFF01F050
:1051E000FDFE80B200F030FA012000F02DFAFF2021
:1051F00000F02AFA002000F027FABDE81040002055
:1052000000F022BA666666666666044070B5674C52
:1052100000232146A279898841F66315012A01D02D
:105220001AB11BE0A94202D118E0A94216D1082800
:1052300014D2DFE800F00406080A0C0E1012062053
:105240000CE007200AE0042008E0052006E0012029
:1052500004E0002002E0032000E00220082812D22F
:10526000DFE800F0110406080A0C0E1080230AE0A3
:10527000402308E0C02306E0202304E0602302E08E
:10528000A02300E0E023362045F21056B14200D1C1
:105290000002A1F51342413A07D0A1F5EE42893A46
:1052A00003D0A1F5EE42963A01D143F00803194626
:1052B00000F0ECF9A288AA420AD0980620886188FA
:1052C00002D5884202D303E0884201D92180608060
:1052D0006089B24240D100F0C3F9002000F0B4F977
:1052E0006089401C80B200F0BBF9002000F0ACF9EE
:1052F0006089801C80B200F0B3F92088401EC0F3A2
:105300000F2000F0A1F96089C01C80B200F0A8F95C
:105310002078401EC0B200F097F9A08900F0A0F9F3
:10532000002000F091F9A089401C80B200F098F9AB
:10533000002000F089F9A089801C80B200F090F96B
:105340006088401EC0F30F2000F07EF9A089C01CC9
:1053500080B200F085F921E000F082F9002000F031
:1053600073F9002000F070F92088401EC0F30F2070
:1053700000F06AF92078401EC0B200F065F9A089FB
:1053800000F06EF9002000F05FF9002000F05CF9F9
:105390006088401EC0F30F2000F056F9A078BDE8E9
:1053A0007040401EC0B200F04FB90000D0A90220EA
:1053B000F0B53A4D0C460246060AA9882846270A47
:1053C0004089A1F5C853633B16D0A1F5AA43103B11
:1053D0004BD000F045F9304600F036F9D0B200F07D
:1053E00033F9A88900F03CF9384600F02DF9E0B215
:1053F000BDE8F04000F028B9A97929B300F030F9F0
:10540000304600F021F9D0B200F01EF92888401E85
:10541000C0F30F2000F018F92878401EC0B200F049
:1054200013F9A88900F01CF9384600F00DF9E0B234
:1054300000F00AF96888401EC0F30F2000F004F95C
:10544000A878401EC0B2D3E72988891A491E8AB2BB
:1054500000F006F9002000F0F7F8002000F0F4F862
:10546000100A00F0F1F8D0B2D9E700F0F9F83046B0
:1054700000F0EAF86889401C80B200F0F1F8D0B280
:1054800000F0E2F8A88900F0EBF8384600F0DCF80C
:10549000A889401C80B200F0E3F8A8E7D0A9022058
:1054A0002DE9F84F82461F460E468B46580700D01E
:1054B000012000EBD700790810FB01F0203AC0B2C0
:1054C00002F0FF090025009047E00C2F10D0102FAC
:1054D00012D0182F14D0202F42D1224901EBC9102D
:1054E0004FF00008445D200610D51F48026811E007
:1054F00009EB49001D4906E01D4901EB0910EFE7E2
:105500001C4909EBC90001EB8000E9E70A9828B9BA
:105510001548426831465046FDF73EF86006040ED5
:105520001548761CB6B24088B04219D9A6EB0B00DC
:10553000B84209D10AF101001FFA80FA0E485E460E
:10554000018851450CD906E008F1010000F0FF0880
:10555000B8F1080FC7D36D1CEDB200988542B4D3E3
:10556000BDE8F88F588A00084C00002098720008A7
:105570000C770008FC7C0008D0A902202DE9FF4F21
:1055800081B00027DDF838B01D46924680463C4683
:10559000B9464FEA5B0627E0281B401EC1B20A202D
:1055A000FFF7FAFDBAFBF0F00A21B0FBF1F201FBC4
:1055B000120027B9691E8C4201DA48B10127303048
:1055C000C2B206FB048080B25B46CDF8009006E0D4
:1055D00006FB048080B25B462022CDF80090029941
:1055E000FFF75EFF641CE4B2AC42D5D305B0BDE862
:1055F000F08F2DE9F84F044600F0FF0810190D4612
:10560000DDE90A761FFA80FA58191FFA80F94FF07F
:10561000000B11E0544502D3E819444685B24D45CC
:105620000FD23B4629462046CDF800B0FFF738FFA1
:1056300004EB570084B2761C3278A2F120005E2879
:10564000E8D9BDE8F88F000001B5BDF80000ADF85D
:105650000000BDF800000149088008BD0000086096
:1056600001B5BDF80000ADF80000BDF8000001492B
:10567000088008BDFEFF07600248034900890880D2
:1056800070470000D0A90220FEFF0760024A108088
:10569000901C018070470000FEFF0760104810B5A5
:1056A000016886B041F0020101600068012100F04C
:1056B000020005900320CDE90210CDE90001094C5C
:1056C00069462046FBF7F6F8012211462046FBF713
:1056D000E4F9012202212046FBF7DFF906B010BDF4
:1056E000303802400004024008B500900548018BA4
:1056F000C08A491E8BB2401E82B20021084600F0CB
:1057000045F808BDBCAA022000B58DB00823099257
:105710000490009306916846FBF7F8FB002800D040
:1057200001200DB000BD000010B5084B1C46587597
:10573000A1888AB2218889B220B1012801D1D982F9
:105740001A8310BDDA82198310BD0000BCAA0220A2
:10575000F0B50C4F94B23D46DFF82CC02B68EA69D7
:105760002D7D7E7D5CF8255026B103FB0100424370
:10577000AC52F0BD7E68301A401E03FB001050434F
:105780002C52F0BDBCAA0220540000202DE9F843A1
:10579000274EDDF820900024757D0DB1054606E00A
:1057A00077680D46B91A1A463B1A491E5B1E3068C7
:1057B00096F814C0DFF87C80521B871A58F82CC06A
:1057C000F66900FB015006FB00C51B487F1EBFB2F7
:1057D000066846F400060660006800F400000090C9
:1057E0001648066826F0010606604FF4403606604B
:1057F000022646630764C563591AF30303EB0242AA
:10580000491C11434164C0F83890016841F001011E
:1058100001605A0102E0641C944202D24168890787
:10582000F9D5816841F002018160BDE8F88300008C
:10583000BCAA0220540000203038024000B00240D0
:105840002DE9FF5F00F040F904460126784DA0F5F0
:1058500086404FF4F0714FF0280941F2180A42389F
:1058600047D03204A4F5E0434FF448704FF4C67BB0
:10587000843B50D003238C27A4F5E04C4FF4B47E36
:10588000BCF1160C54D0A4F5E0484FF4A06CB8F16C
:1058900018085DD0A4F58048B8F561785BD0544510
:1058A0000CD1C5E900C0AF810A2028822881E88197
:1058B00068826B8102217046FFF726FF5D482A68E7
:1058C0005E4F0280696841800220E8615A48386072
:1058D00057485B4BA8384FF00008C0E90038C0F8C3
:1058E0000880C0F80C80544545D14FF080530361C7
:1058F00043E04FF48870C5E900102E816E810820C6
:10590000A5F80C90E8810521298282036882042190
:105910004FF49070D0E7C5E900012E816E812E20F2
:10592000A8811720E881D2202882162068821FE0F3
:105930004FF4806028604FF416706860142028814E
:105940006B81AF81E881A02028820C206882B1E7BA
:10595000C5E900C0B2E7C5E900015820A881A5F853
:105960001090302028812020E8810D2068826B81F2
:1059700003215846A0E7C0F810802C89631E4361BC
:105980006B89A3F1010CC0F818C0B5F80CC06444D1
:10599000A4F1010CC0F81CC0B5F80EC06344A3F11B
:1059A000010CC0F820C0A2F1010CA444C0F824C02E
:1059B000A1F1010C9C44C0F828C0B5F810C06244A5
:1059C0002244521EC2626A8A11441944491E01636C
:1059D00080F8368080F8358080F834801448A83804
:1059E000FBF7C2F807200621CDE90208CDE90081C6
:1059F000FF2302220020396800F026F8A888002240
:105A000080B200902888114683B2104600F04AF810
:105A10000020FFF789FE0B4885F81480C0F89462D7
:105A200004B04FF0FF30BDE8F05FFFF75DBE00004F
:105A3000BCAA0220D0A90220000000C0540000200F
:105A400000680140008040422DE9F0438DB01646C9
:105A500014AA002492E88013114D009402942A683D
:105A600001926D68CDE904634FEA0823CDE906731E
:105A700003954FEA09230DF1240E08938EE82600C2
:105A800002468DF8324006488DF831408DF830C01E
:105A90006946A838FBF73FF80DB0BDE8F083000079
:105AA000BCAA022070B51E46044603460548049D64
:105AB000FBF752F923462A463146BDE870400148BB
:105AC000FBF774B914AA022030B52A4887B0002128
:105AD000026842F040020260026802F04002059251
:105AE000026842F4807202600068234C00F4807007
:105AF00005904020CDE90001012002900320039091
:105B000069462046FAF7D6FE84201C4D009069466F
:105B10002846FAF7CFFE40212046FAF7B9FF04469F
:105B200004212846FAF7B4FF44EA400480212846BD
:105B3000FAF7AEFF44EA8000C0B2062817D2DFE8C9
:105B400000F003070A0D101344F2423007B030BDD5
:105B500047F28400FAE747F21600F7E747F2180029
:105B6000F4E744F28430F1E741F21800EEE7002058
:105B7000ECE70000303802400018024000200240EC
:105B8000F0B504688B88E568C5F30B452B441D040C
:105B9000882303EBC213E65806F47046E650046807
:105BA0000F68E668C6F30B46761C3E442E43E6506B
:105BB00003688C89DD68C5F30A052C4425048C2410
:105BC00004EBC2141E5906F470461E5103688F6818
:105BD000DE68C6F30A06761C3E442E431E5194230B
:105BE000046803EBC213E55825F00705E550056886
:105BF0000C69EC5091F8313005681F0291F8323091
:105C00001C040B7E1E069C2303EBC21355F803C035
:105C10004FF0000C45F803C091F8305034433D4339
:105C200025430468E5509823046803EBC213E55844
:105C300025F0FF05E55005684C69EC50A023046889
:105C400003EBC213E55840F20776B543E550D1E9BE
:105C500007452C430568EC50AC23046803EBC213E2
:105C6000E55844F803C005684C6AEC500B698BB3E7
:105C7000012B32D0042B32D0022B30D0032B2ED06C
:105C8000072B2CD00123B024056804EBC2142E5935
:105C900006F0E0262E51D1E90065AD1B0E8D5D4367
:105CA0005E43ED1C45EA064305682B51B4230468A6
:105CB00003EBC213E5586FF30A05E5500468C96A9F
:105CC000E1500068842101EBC211425842F0010208
:105CD0004250F0BDFFE70423D5E70323D3E70223B7
:105CE000D1E7FEE770470907090E002806DA00F041
:105CF0000F0000F1E02080F8141D704700F1E02053
:105D000080F80014704770470A6842624A688262ED
:105D1000D1E902231A43D1E904310B43C16A1A4382
:105D200021F0F7011143C162002070470069C0B241
:105D30007047006800F003007047000008B5024992
:105D400008440090006808BD142C014070B50DF1A6
:105D5000100C11439CE87000234319432943426807
:105D6000314347F6FF639A430A434260002070BD07
:105D70000321016000207047D0F8800070470A6856
:105D80008260D1E901231A43D1E903310B43C16891
:105D90001A436FF30B011143C160002070470000EC
:105DA00000B5164887B014490022C0E9001201214D
:105DB000816008211023C0E90313402343614FF49D
:105DC000C073C0E906320A0202624A0242628A02D3
:105DD00082620220CDE9000106210291CDE9031083
:105DE0000590069069460548FBF7F6FC034800F06D
:105DF00007F807B000BD0000400100A0E0A90220A4
:105E000010B5002301221146184600F021F84FF486
:105E1000FA7000F0F1FD002301220221184600F083
:105E200017F8002308220321184600F011F84FF458
:105E30000C7301220421002000F00AF8BDE8104094
:105E400040F2AB210148FBF757BD0000E0A902205A
:105E50001FB5002410B1012802D002E0102400E098
:105E60000824CDE90014CDE902234FF4805269469D
:105E70000348FBF752FD002800D0012004B010BDFC
:105E8000E0A9022070B5044600680E460025416B6B
:105E900011F0450FFBD0416B490703D503210422C4
:105EA000826304E0416BC90703D001218163084686
:105EB00070BDFFF73BFFB0422BD1216840F2FF508D
:105EC00088630020FFF73AFF284908424BD000289A
:105ED00001DA1C2070BD410001D5092070BD810090
:105EE00001D50A2070BDC10001D50B2070BD010194
:105EF00001D50C2070BD410101D50D2070BDC1013F
:105F000001D50E2070BD010201D50F2070BD4102E8
:105F100001D5102070BD810201D5112070BDC102D4
:105F200001D5122070BD010301D5132070BD4103BE
:105F300001D5142070BD810301D5152070BDC103AA
:105F400001D5162070BD010401D5172070BD410494
:105F500001D5182070BD810401D5192070BD00073E
:105F600001D51A2070BD284670BD000008E0FFFD75
:105F70000146002009684A6B12F0450FFBD04A6BBE
:105F8000520702D50320042207E04A6BD20702D051
:105F900001208863704740F2FF528A6370472DE901
:105FA000F0410446006815460E460027416B11F08B
:105FB000450FFBD0416B490703D5032104228263BF
:105FC00004E0416BC90704D0012181630846BDE8A4
:105FD000F081FFF7ABFEB04212D1216840F2FF50D2
:105FE00088630020FFF7AAFE10F4604F03D08104FD
:105FF00004D51320EBE7000C288007E0410401D50D
:106000001020E4E7000401D50F20E0E73846DEE782
:106010000246292012684FF48031536B13F0450378
:1060200007D0012305E0536B13F0450300D0012393
:10603000491E0BB90029F6D1536BC3F3800301B19C
:1060400013B10320042104E0516B490602D500205E
:106050004021916370472DE9F04F8DB000250F4628
:106060000B9508261021CDE9006140210C950446CE
:10607000CDE9021508010490A84669462068FFF79B
:106080007EFE10212046FFF7FDFE002844D1A08CA3
:10609000694600040090372001902068FFF76FFEEA
:1060A00037212046FFF7EEFE002835D1401ECDE90E
:1060B000050630204FF00209CDE907090120CDE99E
:1060C0000980B246464605A92068FFF71DFE332029
:1060D000CDE9006069462068FFF751FE3321204674
:1060E000FFF7D0FE060017D10DF12C0840F22A6B05
:1060F0002068416B11EA0B0F08D1416B8902F7D57B
:10610000FFF73AFE48F825006D1CF1E7416B0907DF
:1061100005D5C0F838A004200DB0BDE8F08F416B64
:10612000890703D5C0F838904846F5E7416B8906E2
:1061300003D5202181630620EEE7416B890504D554
:106140004FF4007181630720E6E740F2FF5181635D
:106150000B9800BA78600C9800BA38603046DBE7DC
:106160000E4810B50C490160002141608160C1609A
:1061700001614161816100F16001FBF741FD08B1FE
:10618000012010BD4FF400610448FBF79FFE00287A
:10619000F7D0022010BD0000002C0140E0AA022030
:1061A00070B586B004460120ADF8140000252068C3
:1061B000FFF7BFFD58B3206A04285DD000200221FC
:1061C000C0268DE843000390480204906946206889
:1061D000FFF7D5FD2046FFF7CBFE050018D1FFF7EE
:1061E000ADFDA0630420FFF7A9FDE0630820FFF7E1
:1061F000A5FD20640C20FFF7A1FD6064206A48B172
:10620000012807D0062805D0022803D011E0252058
:1062100006B070BD032001904020029069462068BE
:10622000FFF7ADFD05AA03212046FFF7B8FE0500E4
:10623000EED1206A04281FD0BDF81400606200046B
:1062400000900920CDE9010669462068FFF797FD17
:106250002046FFF78DFE0500DAD1FFF76FFDA06243
:106260000420FFF76BFDE0620820FFF767FD206365
:106270000C20FFF763FD60632846C9E72DE9F04F66
:1062800087B04FF0000904468DF81490DFF870A134
:106290004F464D464E46C846CAF8A0900068FFF7E4
:1062A00067FD0120FAF7FAFA4FF0010BCAF8A0B027
:1062B000CDE90099CDF808904FF48060CDE90390C6
:1062C00069462068FFF75BFD226800234FF48030A9
:1062D000516BC1F3C01104E0516B401EC1F3C011FA
:1062E0000CD00029F8D048B140F2FF5090638DF8EF
:1062F00014309DF8140000287DD101E00323F6E757
:106300004FF4D570009008204FF04009CDE9010905
:1063100069462068FFF733FD2046FFF779FE8DF8C8
:1063200014009DF8140018B94FF08048C4F820B04C
:106330004FF0000A3720CDE900A069462068FFF73A
:106340001EFD37212046FFF79DFD8DF814009DF8B6
:1063500014004FF6FF7180B34DE03720CDE900A067
:10636000CDF808904FF48067CDE903A756466946FB
:106370002068FFF704FD37212046FFF783FD8DF8E5
:1063800014009DF8140088BB1E4948EA01000090E3
:106390002920CDE90109CDE9036769462068FFF7A7
:1063A000EEFC20680021426B12F0450FFBD0426BDF
:1063B000520703D50321042202E00EE040F2FF520F
:1063C00082638DF814109DF8140078B90020FFF74F
:1063D000B5FCC60F07466D1C00E08B460EB95D4547
:1063E000BBD35D4503D31B208DF8140003E0780078
:1063F00001D5022020629DF8140007B0BDE8F08F9F
:1064000000802542000010802DE9FC5F9246054681
:106410004FF00008CE0D4F02F9F721FFA9074FF406
:1064200000701CD000244FF0010B814614E0600284
:10643000C2191249CDE9009B46EBE073A1F1B80007
:10644000FBF770FC80464A460C492846F9F7D8FF0E
:10645000641CE4B205F500755445E8D309E0CDE9C4
:10646000000A06483A4633462946B838FBF75AFC34
:106470008046F9F7F6FE4046BDE8FC9F98AB022047
:1064800030B587B000250446059528460695FFF7E8
:1064900055FC800102D50E2007B030BD05A920466D
:1064A000FFF7D9FD0028F7D10698C0031FD5A08CAF
:1064B000694600040090372001904020CDE9020594
:1064C000000104902068FFF75AFC37212046FFF7AF
:1064D000D9FC0028E0D10620CDE9005069462068AB
:1064E000FFF74DFC06212046FFF7CCFCD4E7252022
:1064F000D2E730B587B000250446059528460695B5
:10650000FFF71CFC800102D50E2007B030BD05A9A5
:106510002046FFF7A0FD0028F7D10698400320D5BC
:10652000A08C694600040090372001904020CDE9FE
:106530000205000104902068FFF721FC3721204666
:10654000FFF7A0FC0028E0D1022000900620019077
:1065500069462068FFF713FC06212046FFF792FCEE
:10656000D3E72520D1E7704770B51E4C92B00025C7
:10657000266846F080562660246804F08054119402
:10658000194C266846F44046266024680DF1240C18
:1065900004F44044119401240094019402240694CC
:1065A0008CE80D006605CDE907616846FAF786FFBD
:1065B00000B1FEE7FAF766FC00B1FEE70CA90F2078
:1065C00081E831004FF4A0500F904FF480501090AC
:1065D00005210CA8FAF7EEFD002800D0FEE712B066
:1065E00070BD00004038024000700040FAF760BA09
:1065F0001048016841F4700101600F48016841F0E2
:10660000010101600C4A00210832116002680B4B45
:106610001A400260031D0A4A1A60026822F48022AE
:10662000026005480C300160024958068039086054
:106630007047000088ED00E000380240FFFFF6FEE2
:106640001030002410B590F83910222903D03229D7
:1066500001D0022010BD8168B1F5805F11D00169C1
:10666000002901681FD0496801F07F03816A4A1C34
:1066700082620B70C18D491E0904090CC18518D0B6
:106680002FE00269816A002A0268526805D0D2B2FE
:106690000A80816A491C8162ECE7C2F308020A8021
:1066A000816A891CF7E74A68816A4B1C83620A7019
:1066B000E0E70168CA6822F02002CA6090F8391049
:1066C000322910D00168CA6822F48072CA60016859
:1066D0004A6922F001024A61012180F83910FBF772
:1066E00004FE002010BD1221F7E700002DE9F04163
:1066F000044600680169E26821F440510A430261DE
:106700002068C16849F20C6291432369A268E56977
:106710001A4363692B431A430A43C26020684169E4
:1067200021F44072A16911434161E0696426322578
:10673000B0F5004F484A494920681DD0884201D031
:10674000904269D1FAF76AFE00EBC00101EB00103C
:106750006168B0468900B0FBF1F1B1FBF8F6FAF7D9
:106760005DFE00EBC00101EB001061688900B0FB29
:10677000F1F7FAF753FE68E0884201D0904219D150
:10678000FAF74CFE00EBC00101EB00106168B04667
:106790004900B0FBF1F1B1FBF8F6FAF73FFE00EB70
:1067A000C00101EB001061684900B0FBF1F7FAF796
:1067B00035FE18E0FAF71CFE00EBC00101EB0010FB
:1067C0006168B0464900B0FBF1F1B1FBF8F6FAF7A9
:1067D0000FFE00EBC00101EB001061684900B0FB47
:1067E000F1F7FAF705FE00EBC00101EB001061685C
:1067F0004900B0FBF1F1B1FBF8F06FF0180148432C
:1068000007EB800005EB0011B1FBF8F0216866F39F
:106810001F108860BDE8F081FAF7EAFD00EBC001C7
:1068200001EB00106168B0468900B0FBF1F1B1FBEB
:10683000F8F6FAF7DDFD00EBC00101EB001061682E
:106840008900B0FBF1F7FAF7D3FD00EBC00101EBD3
:10685000001061688900CCE700140140001001407D
:1068600090F83910122903D0322901D00220704744
:106870008168B1F5805F016A0BD04A1C0262026830
:1068800009785160C18C491E0904090CC1840ED0DD
:1068900017E009880268C1F3080151600169002905
:1068A000016A02D0491C0162ECE7891CFBE7016820
:1068B000CA6822F08002CA600068C16841F04001E5
:1068C000C160002070472DE9F0471D4690460F46F5
:1068D0000446FAF7E7F806465FEA08004FF00009B9
:1068E0004FF0010808D030E0681C05D095B1FAF7E8
:1068F000D9F8801BA8420DD82068006837EA00004C
:10690000F2D127E0681C20D025B1FAF7CBF8801B24
:10691000A8421AD92068C16821F08001C1602068AE
:10692000C16821F02001C1602068C16821F4807134
:10693000C1602068416921F00101416184F839801A
:1069400084F838900320BDE8F0872068006837EAB3
:106950000000D7D00020F6E738B518480068006876
:10696000C043800622D44FF47A730122694613484B
:10697000FBF756FC124A1088010417D441049DF815
:1069800000104FF0000304D50A290ED140F4004056
:1069900012E00D290ED0C0F30D04084D401CC83D77
:1069A00080B229551080C72800D913800348FBF70F
:1069B00044FB38BD40F480401080F7E724010020FC
:1069C0001C000020FEE7704710B504460420FBF7CA
:1069D00013FB0148046010BD1800002070B5054687
:1069E00000244FF47A7603E0304600F005F8641C8A
:1069F000AC42F9D370BD000070B54FF0E025002126
:106A00006C69094AAB6912685043AA699A42FCD082
:106A100002D2A3EB020302E0A4EB020633441944C2
:106A200013468142F1D370BD1800002003490A6863
:106A30005206FCD5C2B24A60704700000010014007
:106A40001CB50025FAF73CF80823022219214FF45F
:106A5000B470FFF789FDB420FFF7B6FF4FF4E130C3
:106A600000F0AAFAFEF71AFEFBF742FCFFF798F9CE
:106A7000FBF704FE002000F079F9012000F076F920
:106A8000644F4FF478401026386063A0CDE9006071
:106A90003346C82232211E20FEF7ABFD63A0CDE9AC
:106AA00000601023C82246211E20FEF7A2FD63A02D
:106AB000CDE900601023C8225A211E20FEF799FD5F
:106AC00062A0CDE900601023C8226E211E20FEF7CF
:106AD00090FD61A0CDE900601023C82282211E2014
:106AE000FEF787FDDFF884914FF4FA741EE060A092
:106AF000CDE900601023C82296211E20FEF779FD03
:106B00002046FFF76BFF5EA0CDE900601023C8228E
:106B100096211E20FEF76DFD2046FFF75FFFD9F896
:106B20008402494680B30020C1F88402FFF718FBB5
:106B30000028DCD100F0B4F91F20386054A0CDE962
:106B400000601023C82296211E20FEF752FD54A09B
:106B5000CDE900601023C822AA211E20FEF749FDBE
:106B6000554800960523D0E912100A0D42EA00327A
:106B7000AA218620FEF702FD4FF400770020FBF7E4
:106B8000F7FB012803D032E0FFE70120CCE73946CC
:106B9000002000F06FF9804601220021FFF734FC4D
:106BA000002820D145A0CDE900601023C822BE21D5
:106BB0001E20FEF71EFD47A0F9F77AFB00244AA02D
:106BC00018F80410F9F774FB641CBC42F7D347A013
:106BD000F9F76EFB49A0CDE900601023C822BE2161
:106BE0001E20FEF706FD4146002000F037F96D1C1F
:106BF000EDB20A20FFF7F2FE142DBFD1D9F88402BE
:106C0000494620B10020C1F884020025B6E70120E2
:106C1000F9E700004C000020416F706C6C6F20534E
:106C2000544D333246342F4637000000534420433E
:106C300041524420544553540000000041544F4DEC
:106C400040414C49454E54454B00000032303136EE
:106C50002F312F31360000004B4559303A526561D3
:106C60006420536563746F722030000000804042DE
:106C700053442043617264204572726F7221000098
:106C8000506C6561736520436865636B212000006B
:106C900053442043617264204F4B20202020000089
:106CA000534420436172642053697A653A2020205E
:106CB00020204D420000000040AB022055534152BD
:106CC00054312053656E64696E6720446174612E8F
:106CD0002E2E0000534543544F522030204441543F
:106CE000413A0D0A00000000257820000D0A4441B9
:106CF000544120454E4445440D0A0000555341522D
:106D000054312053656E642044617461204F766570
:106D10007221000070B5134A131893F8203093B114
:106D2000114B53F820308B421AD90F4B02EB8002E3
:106D30000C3B53F820305069B1FBF3F150F821407F
:106D40000020034608E011688847012070BD55699E
:106D50000E18401C45F82630A042F8DB002070BD1C
:106D6000022070BD240000208C72000830B504465B
:106D70000748084D002150F82400820005EB8400EC
:106D8000406900F087F80120291981F8200030BD02
:106D900074720008240000202DE9F0411E4E0546C3
:106DA000002470190F4690F8200010B93168284669
:106DB00088474FF0FF326FB3184B53F82510B7FBDD
:106DC000F1F0B7FBF1FC01FB1C7101B1401C134950
:106DD0000C3951F82510491E1CD406EB850677693D
:106DE00057F821C0BCF1000F04D0002484420FD119
:106DF000002206E0641CF9E774698F18521C44F8FD
:106E000027008242F8D353F825004843BDE8F081BB
:106E1000491EE5D51046F9E72400002080720008DD
:106E200010B50C4B0C4C002253F82030114604EBEB
:106E3000800005E0446954F8214004B1521C491C0B
:106E40008B42F7D84FF47A704243B2FBF3F080B232
:106E500010BD00007472000824000020002906D034
:106E6000034A02EB80029268891AFFF753BF70470A
:106E70002400002010B50446FFF78EFF411C05D00A
:106E8000034901EB84018968084410BD002010BD4E
:106E90002400002001E000F8011B521EFBD27047C5
:106EA00010B5154C94F8560030B1012806D00228D0
:106EB0001ED0032805D11DE010A000E015A0F9F7B1
:106EC000F7F914F82C1F19A0F9F7F2F9218D1EA07B
:106ED000F9F7EEF9D4E90710090D41EA00311EA0D7
:106EE000F9F7E6F9616ABDE8104021A0F9F7E0B9C9
:106EF00025A0E4E72AA0E2E740AB022043617264E8
:106F000020547970653A534453432056312E310D45
:106F10000A0000004361726420547970653A53445A
:106F200053432056322E300D0A0000004361726434
:106F3000204D616E75666163747572657249443A7D
:106F400025640D0A00000000436172642052434131
:106F50003A25640D0A0000004361726420436170A9
:106F600061636974793A2564204D420D0A0000007E
:106F70004361726420426C6F636B53697A653A2592
:106F8000640D0A0D0A000000436172642054797098
:106F9000653A534448432056322E300D0A00000013
:106FA0004361726420547970653A4D4D43204361CA
:106FB00072640D0A000000000749064AC1E900207A
:106FC00000208860C860086188610C20486108461C
:106FD000FBF7ADB800100140240100204FEA115327
:106FE000A3F58063D3F11E03A8BFD3F1200C08DB07
:106FF0004FF0004242EAC12252EA505232FA03F004
:10700000704709420BD4102BC4BF0020704703F512
:10701000787CBCF1FF3F05D04FF0FF3070474FF058
:107020000000704770B500F0C3F800BF499224809B
:1070300000207047F0E7B0FA80F310FA03F10AD0AD
:10704000C3F11D0303F580634FEA41504FEA035239
:1070500002EBD12170474FF000007047DFF848C1C4
:1070600070B51CEA111E1EBF1CEA13159EEA0C0F18
:1070700095EA0C0F00F06F8081EA030423EA4C13B9
:107080004EEAD47E21EA4C1141F4801143F480137E
:10709000AE44A1FB024CA0FB0365AEF17F7E361926
:1070A00055EB0C05A1FB034C4CF10003A0FB021CAB
:1070B00016EB0C06654153F10003094218BF46F078
:1070C000010613F4007F0BD14FEA03314FEA05307C
:1070D000340341EA155140EA16506FF003020AE00A
:1070E0004FEAC3214FEAC520F40241EA555140EA74
:1070F00056506FF0020202EB2E4201EB025585EA78
:10710000CE710AD05FEA440C18BF24F0004450F15D
:10711000000041F1000120EAD47040F2FE7C62459B
:1071200000D270BDA84214BF4FF080444FF04044DD
:10713000002E08BF0024BEF1806FA8BFA1F1C0419E
:10714000BDE8704080F282804FF0000001F1C04144
:1071500001F0004170479EEA0C0F0CEA131518BFAE
:1071600095EA0C0F06D04FF0000081EA030E0EF0F6
:10717000004170BD00F01CF88900013E00F007B826
:1071800000F009B84FEA430C5FEA5C5C08D081EA82
:10719000030100F05BB84FEA410C5FEA5C5CF6D19A
:1071A0004FF00000014970470000FF070000F87F22
:1071B0000EF1020E2EF0030E5EF8046B364205D47B
:1071C000012A43EB030515F5001F12D8012841EBF6
:1071D000010C1CF5001F0CD80ED14FEAD17C15F51F
:1071E000001F0CEB4C0C0CF1020C08BF4CEBD37CD9
:1071F00004E04FF0080C01E04FEAD37C0CEB4C05A7
:1072000026FA05F606F00706B6F1040C06D20EEBD8
:10721000860CBDE870404CF0010C6047DFE80CF0D4
:10722000090B02024FF000414FF00000A1F50021D0
:1072300070BD19461046012851EB010418BFD4F562
:10724000001484BF002001F0004170BD0808A0F5C3
:1072500000114FEA310170474FF04070E1EE100A23
:107260007047000000000102030401020304060746
:1072700008090000000A0000000F0700C00300001A
:1072800040000000400000004000000000800200BC
:1072900000C0C30100F0000000000000000000007A
:1072A00000000000000000003F400000000000005F
:1072B00000003000400030004000000009000BC01A
:1072C0003D000BC03D00090018C024407FE0224073
:1072D00031800000180024C01B000D803240018066
:1072E00003801C4027401C800740004010006000C5
:1072F00000000000000000000000000000001F80EF
:10730000204040200000402020401F80000000005E
:10731000090006001F8006000900000004000400A8
:107320003F80040004000000001000600000000026
:107330000000000004000400040004000400000039
:10734000000000400000000000000000002001C01C
:1073500006003800400000001F80204020402040F0
:107360001F800000000010403FC0004000000000EF
:1073700018C02140224024401840000010802040C6
:10738000244024401B80000002000D0011003FC07B
:10739000014000003C802440244024402380000021
:1073A0001F8024402440344003800000300020002F
:1073B00027C03800200000001B80244024402440C7
:1073C0001B8000001C0022C0224022401F800000C1
:1073D0000000000008400000000000000000000065
:1073E0000460000000000000000004000A0011001A
:1073F0002080404009000900090009000900000040
:1074000000004040208011000A0004001800200005
:1074100023402400180000001F80204027402940FE
:107420001F400000004007C039000F0001C00040AD
:1074300020403FC0244024401B8000001F8020408B
:10744000204020403080000020403FC020402040AD
:107450001F80000020403FC024402E4030C000006C
:1074600020403FC024402E00300000000F0010805C
:10747000204022403380020020403FC0040004002E
:107480003FC02040204020403FC02040204000001E
:107490000060202020203FC02000200020403FC06E
:1074A00024400B0030C0204020403FC0204000401E
:1074B000004000C03FC03C0003C03C003FC0000093
:1074C00020403FC00C4023003FC020001F802040D0
:1074D000204020401F80000020403FC02440240066
:1074E000180000001F802140214020E01FA0000064
:1074F00020403FC02440260019C0004018C024404E
:107500002440224031800000300020403FC0204015
:107510003000000020003F80004000403F802000FD
:1075200020003E0001C0070038002000380007C0DE
:107530003C0007C038000000204039C0060039C0B8
:10754000204000002000384007C0384020000000E4
:10755000304021C02640384020C00000000000001C
:107560007FE0402040200000000070000C000380FD
:10757000004000000000402040207FE000000000AC
:10758000000020004000200000000000001000105B
:10759000001000100010001000000000400000006B
:1075A00000000000000002800540054003C00040CC
:1075B00020003FC00440044003800000000003801E
:1075C00004400440064000000000038004402440C2
:1075D0003FC000400000038005400540034000001C
:1075E000000004401FC0244024402000000002E0AE
:1075F000055005500650042020403FC004400400C0
:1076000003C000400000044027C00040000000000C
:1076100000100010041027E00000000020403FC0D0
:107620000140070004C00440204020403FC000400B
:107630000040000007C0040007C0040003C00000B1
:10764000044007C00440040003C000400000038061
:107650000440044003800000041007F0045004407C
:1076600003800000000003800440045007F0001075
:10767000044007C00240040004000000000006406F
:107680000540054004C00000000004001F800440C5
:1076900000400000040007800040044007C0004094
:1076A0000400070004C0018006000400060001C0B9
:1076B000070001C006000000044006C0010006C02B
:1076C000044000000410071004E0018006000400DC
:1076D0000000044005C00640044000000000000017
:1076E00004007BE040200000000000000000FFF0EC
:1076F00000000000000040207BE0040000000000CB
:1077000040008000400020002000400000000000F9
:107710000000000000000000000000000000000069
:1077200000001FCC000C000000000000000008005A
:10773000300060000800300060000000022003FC00
:107740001E20022003FC1E200220000000000E1854
:1077500011043FFF10840C78000000000F0010841B
:107760000F3800C0077818840078000000780F8474
:1077700010C411240E9800E400840008080068007A
:107780007000000000000000000000000000000089
:10779000000007E01818200440020000000040022A
:1077A0002004181807E0000000000000024002401A
:1077B00001800FF001800240024000000080008044
:1077C00000800FF800800080008000000001000DA4
:1077D000000E00000000000000000000000000801B
:1077E0000080008000800080008000800000000C8D
:1077F000000C000000000000000000000000000677
:10780000001800600180060018002000000007F04A
:10781000080810041004080807F00000000008041D
:1078200008041FFC000400040000000000000E0C0F
:1078300010141024104411840E0C000000000C18C9
:1078400010041104110412880C700000000000E004
:107850000320042408241FFC0024000000001F98BB
:10786000108411041104108810700000000007F04B
:1078700008881104110418880070000000001C0022
:10788000100010FC13001C001000000000000E3857
:1078900011441084108411440E38000000000700C9
:1078A000088C10441044088807F000000000000015
:1078B0000000030C030C00000000000000000000AA
:1078C0000001010600000000000000000000008030
:1078D00001400220041008081004000002200220C9
:1078E00002200220022002200220000000001004DA
:1078F00008080410022001400080000000000E0073
:107900001200100C106C10800F00000003E00C1827
:1079100013E4142417C4082807D000000004003C16
:1079200003C41C40074000E4001C000410041FFCBA
:107930001104110411040E880070000003E00C18FB
:1079400010041004100410081C10000010041FFC88
:10795000100410041004080807F0000010041FFCB5
:107960001104110417C410040818000010041FFCAF
:107970001104110017C010000800000003E00C18EB
:107980001004100410441C780040000010041FFC78
:1079900010840080008010841FFC1004000010047C
:1079A00010041FFC1004100400000000000300017C
:1079B000100110011FFE10001000000010041FFC39
:1079C000110403801464181C1004000010041FFC30
:1079D0001004000400040004000C000010041FFC4C
:1079E0001F0000FC1F001FFC1004000010041FFCFF
:1079F0000C04030000E010181FFC100007F008083A
:107A0000100410041004080807F0000010041FFC04
:107A100010841080108010800F00000007F00818FC
:107A200010241024101C080A07F2000010041FFC88
:107A30001104110011C011300E0C000400000E1CC6
:107A400011041084108410441C3800001800100029
:107A500010041FFC100410001800000010001FF894
:107A600010040004000410041FF8100010001E0091
:107A700011E0001C007013801C0010001FC0103C9F
:107A800000E01F0000E0103C1FC000001004180CB4
:107A9000163401C001C01634180C100410001C006C
:107AA000130400FC13041C00100000000804101C48
:107AB0001064108413041C0410180000000000005F
:107AC00000007FFE40024002400200000000300043
:107AD0000C0003800060001C000300000000400256
:107AE000400240027FFE0000000000000000000095
:107AF0002000400040004000200000000001000184
:107B0000000100010001000100010001000040002F
:107B1000400020000000000000000000000000986D
:107B2000012401440144014400FC000410001FFC36
:107B3000008801040104008800700000000000704B
:107B400000880104010401040088000000000070A6
:107B500000880104010411081FFC0004000000F863
:107B6000014401440144014400C800000000010434
:107B700001040FFC1104110411001800000000D6CC
:107B800001290129012901C90106000010041FFC77
:107B9000008401000100010400FC00040000010455
:107BA000190419FC00040004000000000000000398
:107BB00000010101190119FE0000000010041FFC62
:107BC0000024004001B4010C010400000000100476
:107BD00010041FFC0004000400000000010401FC6C
:107BE0000104010001FC0104010000FC010401FC8E
:107BF000008401000100010400FC0004000000F802
:107C0000010401040104010400F80000010101FF66
:107C1000008501040104008800700000000000706D
:107C2000008801040104010501FF000101040104B1
:107C300001FC00840104010001800000000000CC70
:107C40000124012401240124019800000000010006
:107C5000010007F80104010400000000010001F820
:107C6000000400040004010801FC0004010001807C
:107C70000170000C001001600180010001F0010C96
:107C8000003001C00030010C01F0010000000104CF
:107C9000018C00740170018C01040000010101815C
:107CA0000171000E001801600180010000000184D4
:107CB000010C013401440184010C000000000000AB
:107CC0000000000001003EFC4002400200000000F5
:107CD00000000000FFFF0000000000000000400264
:107CE00040023EFC010000000000000000006000B7
:107CF00080008000400040002000200000000000C4
:107D00000000000000000000000000000000000073
:107D10000000000000000000000000000000000063
:107D20000000000000000000000000000000000F44
:107D300080380FFE380F803800000000000000007F
:107D4000000000000000000000000100000600002C
:107D50000C00003800003100000600000C00003864
:107D6000000030000000000000000000618000679B
:107D7000F807F98000618000618000618000618007
:107D80000067F807F9800061800000000000000033
:107D9000000001C0E003E0F00630080418081FFFEF
:107DA000FE040E080787F00381E0000000000000D9
:107DB00001F000060C00040408060C7001F9C00074
:107DC0000E00003BE000EC18070808040C18000344
:107DD000E00000000001E00007F003F818041C08B0
:107DE00004170807E1D003C0E00023B0003C0800FE
:107DF0002008000010000000000000010000310019
:107E0000003200001C000000000000000000000024
:107E10000000000000000000000000000000000062
:107E20000000000000000000000000007F0001FFD3
:107E3000C00780F00C0018100004200002000000B1
:107E40000000002000021000040C00180780F00160
:107E5000FFC0007F000000000000000000000000E4
:107E60000000000000000000420000660000660004
:107E7000003C0000180003FFC0001800003C000098
:107E800066000066000042000000000008000008D4
:107E90000000080000080000080001FFC000080002
:107EA00000080000080000080000080000000000B2
:107EB000000100003100003200001C000000000042
:107EC00000000000000000000000000000000000B2
:107ED0000000000008000008000008000008000082
:107EE0000800000800000800000800000800000862
:107EF0000000000000000000000000003800003812
:107F00000000380000000000000000000000000039
:107F1000000000000000000000000000000600005B
:107F20001C000070000180000E0000380000C0003E
:107F30000700001C000030000000000000000000EE
:107F40007F8001FFE0038070060018040008040031
:107F50000806001803807001FFE0007F8000000029
:107F600000000000000001000801000801000803F3
:107F7000FFF807FFF80000080000080000080000F4
:107F80000000000000000001C03802C05804009842
:107F9000040118040218040418061C1803F8180138
:107FA000E0F800000000000000000001C0E003C095
:107FB000F004000804080804080806180803F41868
:107FC00001E7F00001E000000000000000000000F8
:107FD0000300000D00001100006100008108030192
:107FE0000807FFF80FFFF800010800010800000073
:107FF0000000000000E007FCD00608080610080694
:108000001008061008061838060FF00607C0000012
:1080100000000000000000003F8001FFE00384300A
:1080200002081804100804100804100807181003A8
:108030000FF00007C000000000000000000003C0B7
:10804000000700000600000600F80607F806180002
:1080500006E000070000060000000000000000012C
:10806000E1E003F7F0063410041808041808040CC3
:1080700008040C0806161803F3F001C1E000000024
:1080800000000000F80003FC300306380402080476
:1080900002080402080404100308F001FFC0007F76
:1080A00000000000000000000000000000000000D0
:1080B00000000000703800703800703800000000C8
:1080C00000000000000000000000000000000000B0
:1080D0000000000000000000301A00301C0000000A
:1080E0000000000000000000000000000000000090
:1080F0000000000800001400002200004100008081
:108100008001004002002004001008000800000068
:1081100000000000210000210000210000210000DB
:108120002100002100002100002100002100002189
:10813000000000000000000000000800080400101B
:108140000200200100400080800041000022000069
:10815000140000080000000000000003C00004C07C
:1081600000040000080038080F380808380810001C
:108170000C300007E00003C0000000000000000019
:108180003F8000FFE0038070020F1006708804C07B
:1081900088048308047F8802C09003012000FE4009
:1081A0000000080000180001F8003E0801C20007A6
:1081B000020007E20000FE00001FC80001F80000F6
:1081C0003800000804000807FFF807FFF804080853
:1081D00004080804080804080806180803F418012D
:1081E000E7F00001E0000000000000003F8001FF18
:1081F000E00380700200180400080400080400086E
:108200000400100600200780C000000004000807DA
:10821000FFF807FFF8040008040008040008040041
:108220001802001003807001FFE0007F8000000052
:1082300004000807FFF807FFF8040808040808040A
:108240000808040808043E08040008060018010095
:108250006000000004000807FFF807FFF8040808A2
:10826000040800040800040800043E00060000069C
:108270000000018000000000000000003F8001FFBE
:10828000E0038070060018040008040208040208D5
:108290000203F00783F00002000002000400080758
:1082A000FFF807FFF80408080008000008000008AD
:1082B0000000080004080807FFF807FFF80400089A
:1082C0000000000000000400080400080400080783
:1082D000FFF807FFF8040008040008040008000085
:1082E0000000000000000000000600000700000180
:1082F00004000104000104000307FFFE07FFFC0463
:10830000000004000004000004000807FFF807FF55
:10831000F8040C08001800003E0004C7800503C8DC
:108320000600F804003804001800000804000807DC
:10833000FFF807FFF804000800000800000800002C
:10834000080000080000080000180000600000009D
:1083500004000807FFF807800807FC00007FC00042
:1083600003F80007C000780007800807FFF807FF40
:10837000F804000804000807FFF807000803C0001D
:1083800000E000003800001E000007000001C004EB
:1083900000F007FFF8040000000000007F8001FFEC
:1083A000E0038070060018040008040008060018A6
:1083B00003003001FFE0007F800000000400080798
:1083C000FFF807FFF8040408040400040400040490
:1083D00000040400060C0003F80001F00000000097
:1083E000000000007F8001FFE00380700600880429
:1083F00000880400C806003C03003E01FFE6007F41
:108400008400000004000807FFF807FFF8040808CC
:10841000040800040C00040F00040BC00610F00355
:10842000F03801E00800000800000001E0F803F067
:1084300030063010041808041808040C08040C084E
:108440000206180207F00781E00000000180000624
:10845000000004000004000004000807FFF807FF04
:10846000F804000804000004000006000001800079
:1084700004000007FFE007FFF004001800000800F8
:10848000000800000800000800000804001007FFB2
:10849000E004000004000006000007E00007FE0002
:1084A000041FE00001F80000380001E0043E00076E
:1084B000C00006000004000004000007E00007FF01
:1084C000C0041FF80007C007F80007FF80043FF84A
:1084D0000007C004F80007000004000000000004CA
:1084E000000806001807C07805F1C8003E00001F0C
:1084F000800463E80780F806001804000800000004
:1085000004000006000007800007E008047C080063
:108510001FF80007F800180804E00807000006002C
:10852000000400000000000100080600380400F804
:108530000403E8040F08047C0805F00807C00807D6
:1085400000180400600000000000000000000000AF
:10855000000000000000003FFFFE2000022000029B
:1085600020000220000220000200000000000000A5
:10857000000008000007000000C0000038000006EE
:10858000000001C000003000000E000001000000EB
:108590000000000000002000022000022000022055
:1085A00000022000023FFFFE00000000000000006B
:1085B00000000000000000000000000000080000B3
:1085C0001000003000002000003000001000000803
:1085D0000000000000000000000001000001000099
:1085E0000100000100000100000100000100000185
:1085F0000000010000010000010000010000000077
:10860000000000000020000020000010000010000A
:10861000000000000000000000000000000000005A
:108620000000000000F00019F8001B1800220800EC
:108630002608002408002410003FF8001FF800005E
:108640000800001800000004000007FFF80FFFF00A
:10865000001818001008002008002008003018003A
:108660001FF0000FC00000000000000007C0001F46
:10867000F0001830002008002008002008003C0806
:10868000001C10000060000000000000000000005E
:1086900007C0001FF0003818002008002008002044
:1086A0000804101007FFF80FFFF000001000000092
:1086B0000000000000000007C0001FF000123000A2
:1086C0002218002208002208003208001E10000EA6
:1086D000200000000000000020000020080020080A
:1086E00001FFF803FFF8062008042008042008070B
:1086F000200003000000000000000000000E000E3B
:108700006E001FF30031B10020B10020B1003191A3
:10871000001F13002E1E00200E0030000000000479
:10872000000807FFF80FFFF80010080020000020E5
:1087300000002008003FF8001FF8000008000000BB
:1087400000000000000000200800200800200806AB
:108750003FF8063FF800000800000800000800008D
:108760000000000000000000000000000300000303
:10877000002001002001002003063FFE063FFC0010
:10878000000000000000000000000004000807FFD7
:10879000F80FFFF8000188000300002FC00038F830
:1087A0000020380020080000080000000000000041
:1087B000000004000804000804000807FFF80FFF89
:1087C000F800000800000800000800000000000099
:1087D000002008003FF8003FF800100800200000CB
:1087E0003FF8003FF8001008002000003FF8003F6D
:1087F000F8000008000000002008003FF8003FF8E3
:10880000001008001000002000002008003FF800C1
:108810001FF80000080000000000000007C0000F63
:10882000F000183000300800200800200800300850
:10883000001830000FF00007C0000000000000002A
:108840002001003FFF003FFF001011002009002021
:1088500008002008003038001FF0000FC0000000A2
:108860000000000007C0001FF000381800200800BA
:108870002008002009001011001FFF003FFF00002A
:1088800001000000002008002008002008003FF838
:10889000003FF80008080010080020080020000031
:1088A0003000003000000000000000000000000C5C
:1088B00078001E18003308002308002108002188D2
:1088C0000021980030F00038600000000000000037
:1088D000200000200000200000FFF003FFF800202F
:1088E0000800200800200800003000000000000000
:1088F000000000002000003FF0007FF8000018009A
:108900000008000008002010003FF8007FF0000081
:1089100010000000000000002000003000003C00BB
:10892000003F800023F000007800007000238000EA
:108930003C00003000002000002000003C00003F10
:10894000E00023F80000E0002700003E00003FE0C8
:108950000021F80001E0003E0000200000000000BF
:108960002008002008003838003E680027800003F7
:10897000C8002CF80038380020180020080000003B
:10898000000000002000003003003C01003F830095
:1089900023EC000070002380003C00002000002039
:1089A000000000000000000000000038080020382F
:1089B0000020F80023E8002F88003E080038080057
:1089C00020180000700000000000000000000000FF
:1089D000000000000000000008000014001FF7FC69
:1089E000300006200002000000000000000000002F
:1089F0000000000000000000000000000000FFFF79
:108A0000FF00000000000000000000000000000067
:108A10000000000000002000023000061FF7FC00EC
:108A2000140000080000000000000000000000002A
:108A3000000000000000001800006000004000007E
:108A400040000020000010000008000004000004A6
:108A500000000C00001000000000000000000000FA
:108A60000000000000000000000000000000000006
:108A700000000000000000000000000000000000F6
:108A800000000000000000000000000000000000E6
:108A900000000000000000000000000000000000D6
:108AA00000000000000000000000000000000000C6
:108AB00000000000000000000000000000000000B6
:108AC00000000000000000000000000000000000A6
:108AD0000000000000000000000000000000000096
:108AE0000000000000000000000000000000000086
:108AF00007F000C007FFE1E007F001E0000000C060
:108B00000000000000000000000000000000000065
:108B10000000000000000000000000000000000055
:108B20000000000000000000000000000000000045
:108B30000000000000000000000000000000000035
:108B40000000000000000000000000000000000025
:108B50000000000000000000000000000000000015
:108B60000020000001C00000078000001F0000007E
:108B70001E0000001C20000001C000000780000053
:108B80001F0000001E0000001C000000000000008C
:108B900000000000000000000000000000000000D5
:108BA00000000000000000000000000000000000C5
:108BB00000000000000000000000000000000000B5
:108BC00000000000000000000000000000000000A5
:108BD00000000000000000000000000000180C0071
:108BE00000180C0000180FE0001FFC0003F80C0038
:108BF00000180C0000180C0000180C0000180C00E5
:108C000000180FE0001FFC0003F80C0000180C0017
:108C100000180C0000000000000000000000000030
:108C20000000000000000000000000000000000044
:108C30000000000000000000000000000000000034
:108C40000000000000000000000000000000000024
:108C50000000000000000000000000000000000014
:108C600000000780007807C000FC0640010E0020CD
:108C700003070020020380200FFFFFFC0201C02039
:108C80000200E0600130704001F03F8000F01F0002
:108C900000000000000000000000000000000000D4
:108CA00000000000000000000000000000000000C4
:108CB00000000000000000000000000000000000B4
:108CC00000000000000000000000000000000000A4
:108CD000000000000000000000FE000001FF000096
:108CE0000301800002008060030181C001FF0700D2
:108CF00000FE18000000E0000003BF00000CFFC0F1
:108D00000071806001C10020030180600000FFC08D
:108D100000003F0000000000000000000000000014
:108D20000000000000000000000000000000000043
:108D30000000000000000000000000000000000033
:108D40000000000000000000000000000000000023
:108D5000000000000000000000001F0000007FC0B5
:108D600000FCC0C001FF80600303E0200202782005
:108D700002061E2003FC074001F00380000103C02F
:108D800000011C600001E020000100200001004003
:108D90000000018000000000000000000000000052
:108DA00000000000000000000000000000000000C3
:108DB00000000000000000000000000000000000B3
:108DC00000000000000000000000000000000000A3
:108DD0000000000000000000000000000020000073
:108DE0001C6000001C4000001F8000000F000000FD
:108DF0000000000000000000000000000000000073
:108E00000000000000000000000000000000000062
:108E10000000000000000000000000000000000052
:108E20000000000000000000000000000000000042
:108E30000000000000000000000000000000000032
:108E40000000000000000000000000000000000022
:108E50000000000000000000000000000000000012
:108E60000000000000000000000000000000000002
:108E7000000000000007F800003FFF00007807C076
:108E800001C000E0030000300400000808000004F6
:108E900010000002000000000000000000000000C0
:108EA00000000000000000000000000000000000C2
:108EB00000000000000000000000000000000000B2
:108EC00000000000000000000000000000000000A2
:108ED0000000000000000000000000001000000280
:108EE00008000004040000080300003001C000E096
:108EF000007807C0003FFF000007F80000000000F6
:108F00000000000000000000000000000000000061
:108F10000000000000000000000000000000000051
:108F20000000000000000000000000000000000041
:108F30000000000000000000000000000000000031
:108F40000000000000000000000000000000000021
:108F50000000000000000000000000000000000011
:108F6000000C1800000E3800000E3800000630001B
:108F7000000360000061438000FFFF800061430048
:108F80000003600000063000000E3800000E3800BC
:108F9000000C1800000000000000000000000000AD
:108FA00000000000000000000000000000000000C1
:108FB00000000000000000000000000000000000B1
:108FC00000000000000000000000000000000000A1
:108FD0000000000000000000000000000000000091
:108FE0000000800000008000000080000000800081
:108FF0000000800000008000007FFF000000800073
:109000000000800000008000000080000000800060
:1090100000008000000000000000000000000000D0
:109020000000000000000000000000000000000040
:109030000000000000000000000000000000000030
:109040000000000000000000000000000000000020
:10905000000000000000000000000000000000010F
:10906000000000E3000000E2000000FC00000078C7
:1090700000000000000000000000000000000000F0
:1090800000000000000000000000000000000000E0
:1090900000000000000000000000000000000000D0
:1090A00000000000000000000000000000000000C0
:1090B00000000000000000000000000000000000B0
:1090C00000000000000000000000000000000000A0
:1090D0000000000000000000000000000000800010
:1090E0000000800000008000000080000000800080
:1090F0000000800000008000000080000000800070
:10910000000080000000800000008000000080005F
:1091100000008000000000000000000000000000CF
:10912000000000000000000000000000000000003F
:10913000000000000000000000000000000000002F
:10914000000000000000000000000000000000001F
:10915000000000000000000000000000000000000F
:10916000000000C0000001E0000001E0000000C0BD
:1091700000000000000000000000000000000000EF
:1091800000000000000000000000000000000000DF
:1091900000000000000000000000000000000000CF
:1091A00000000000000000000000000000000000BF
:1091B00000000000000000000000000000000000AF
:1091C000000000000000000000000000000000009F
:1091D0000000000000000000000000000000000C83
:1091E00000000038000000E00000038000000E00D6
:1091F000000038000000E00000038000000E0000C6
:109200000038000000E00000038000000E000000B5
:109210001800000000000000000000000000000036
:10922000000000000000000000000000000000003E
:10923000000000000000000000000000000000002E
:10924000000000000000000000000000000000001E
:10925000000000000000000000000000000000000E
:10926000000FF800007FFF0000F00780018000C0C1
:109270000300006002000020020000200200002025
:1092800003000060018000C000E00380007FFF0059
:10929000000FF800000000000000000000000000C7
:1092A00000000000000000000000000000000000BE
:1092B00000000000000000000000000000000000AE
:1092C000000000000000000000000000000000009E
:1092D000000000000000000000000000000000008E
:1092E000000000000080002000800020008000209E
:1092F0000080006001FFFFE003FFFFE0000000606E
:1093000000000020000000200000002000000000FD
:10931000000000000000000000000000000000004D
:10932000000000000000000000000000000000003D
:10933000000000000000000000000000000000002D
:10934000000000000000000000000000000000001D
:10935000000000000000000000000000000000000D
:10936000007800E0009801600100026002000460E3
:1093700002000860020010600200206002004060ED
:10938000030080600183006001FE00E0007C078034
:1093900000000000000000000000000000000000CD
:1093A00000000000000000000000000000000000BD
:1093B00000000000000000000000000000000000AD
:1093C000000000000000000000000000000000009D
:1093D000000000000000000000000000000000008D
:1093E00000F0078001F007C00100004002000020EB
:1093F000020100200201002002010020030380205E
:109400000186804001FCC0C000787F8000001E0003
:10941000000000000000000000000000000000004C
:10942000000000000000000000000000000000003C
:10943000000000000000000000000000000000002C
:10944000000000000000000000000000000000001C
:109450000000000000000000000000000000080004
:1094600000003800000048000001880000060800E5
:10947000000C0810003008100040081001FFFFF039
:1094800003FFFFF003FFFFF00000081000000810CA
:1094900000000810000000000000000000000000B4
:1094A00000000000000000000000000000000000BC
:1094B00000000000000000000000000000000000AC
:1094C000000000000000000000000000000000009C
:1094D000000000000000000000000000000000008C
:1094E00000000780001F864003E1002003020020E7
:1094F00003040020030400200304002003040020D0
:1095000003060040030301C00301FF8003007E0047
:10951000000000000000000000000000000000004B
:10952000000000000000000000000000000000003B
:10953000000000000000000000000000000000002B
:10954000000000000000000000000000000000001B
:10955000000000000000000000000000000000000B
:109560000007FC00003FFF000070C380008180C046
:10957000010100600302002002020020020200201C
:10958000020200200203004001C180C000C0FF8031
:1095900000007E000000000000000000000000004D
:1095A00000000000000000000000000000000000BB
:1095B00000000000000000000000000000000000AB
:1095C000000000000000000000000000000000009B
:1095D000000000000000000000000000000000008B
:1095E00000F0000003C00000038000000300000042
:1095F000030007E003003FE00301C0000306000092
:109600000318000003600000038000000300000056
:10961000000000000000000000000000000000004A
:10962000000000000000000000000000000000003A
:10963000000000000000000000000000000000002A
:10964000000000000000000000000000000000001A
:1096500000000000000000000000000000001F00EB
:1096600000783F8000FC60C0018EC040030780206E
:109670000203002002018020020180200201C0209C
:109680000301E040018670C000FC3F8000781F00AD
:1096900000000000000000000000000000000000CA
:1096A00000000000000000000000000000000000BA
:1096B00000000000000000000000000000000000AA
:1096C000000000000000000000000000000000009A
:1096D000000000000000000000000000003F00004B
:1096E00000FF81C001C0C1C0010060200200202035
:1096F000020020200200202002002060020040C062
:109700000100C18000C18F00007FFE00001FF0003B
:109710000000000000000000000000000000000049
:109720000000000000000000000000000000000039
:109730000000000000000000000000000000000029
:109740000000000000000000000000000000000019
:109750000000000000000000000000000000000009
:1097600000000000000000000000000000000000F9
:10977000000300C0000781E0000781E0000300C093
:1097800000000000000000000000000000000000D9
:1097900000000000000000000000000000000000C9
:1097A00000000000000000000000000000000000B9
:1097B00000000000000000000000000000000000A9
:1097C0000000000000000000000000000000000099
:1097D0000000000000000000000000000000000089
:1097E0000000000000000000000000000000000079
:1097F000000600660006007800000000000000007F
:109800000000000000000000000000000000000058
:109810000000000000000000000000000000000048
:109820000000000000000000000000000000000038
:109830000000000000000000000000000000000028
:109840000000000000000000000000000000000018
:109850000000000000000000000000000000000008
:10986000000080000001C00000036000000630001E
:10987000000C180000180C00003006000060030007
:1098800000C0018001000040020000200400001020
:1098900000000000000000000000000000000000C8
:1098A00000000000000000000000000000000000B8
:1098B00000000000000000000000000000000000A8
:1098C0000000000000000000000000000000000098
:1098D0000000000000000000000000000004100074
:1098E0000004100000041000000410000004100028
:1098F0000004100000041000000410000004100018
:109900000004100000041000000410000004100007
:109910000004100000000000000000000000000033
:109920000000000000000000000000000000000037
:109930000000000000000000000000000000000027
:109940000000000000000000000000000000000017
:109950000000000000000000000000000000000007
:1099600004000010020000200100004000C001803F
:10997000006003000030060000180C00000C180006
:1099800000063000000360000001C00000008000FD
:1099900000000000000000000000000000000000C7
:1099A00000000000000000000000000000000000B7
:1099B00000000000000000000000000000000000A7
:1099C0000000000000000000000000000000000097
:1099D0000000000000000000000000000000000087
:1099E0000078000001F800000238000002000000CA
:1099F000040000C0040079E0040081E0040100C01C
:109A000004030000020200000306000001FC000045
:109A100000F800000000000000000000000000004E
:109A20000000000000000000000000000000000036
:109A30000000000000000000000000000000000026
:109A40000000000000000000000000000000000016
:109A5000000000000000000000000000000FF800FF
:109A6000003FFE000070078000C000C00101F84008
:109A70000307FC20021E04200230082002203020B0
:109A8000023FFC20013F044001800CC000E0318017
:109A9000001FC200000000000000000000000000E5
:109AA00000000000000000000000000000000000B6
:109AB00000000000000000000000000000000000A6
:109AC0000000000000000000000000000000000096
:109AD0000000000000000000000000200000006006
:109AE000000003E000003E200003E020003E2000D4
:109AF00003E020000380200007FC2000003FE0007E
:109B00000003FE2000003FE0000001E00000002014
:109B10000000002000000000000000000000000025
:109B20000000000000000000000000000000000035
:109B30000000000000000000000000000000000025
:109B40000000000000000000000000000000000015
:109B500000000000000000000000000002000020E3
:109B60000200002003FFFFE003FFFFE002010020EE
:109B70000201002002010020020100200201002059
:109B8000030300200186806001FCC0C000F87F80D4
:109B900000001F00000000000000000000000000A6
:109BA00000000000000000000000000000000000B5
:109BB00000000000000000000000000000000000A5
:109BC0000000000000000000000000000000000095
:109BD0000000000000000000000000000007F80086
:109BE000003FFF000070078000C000C0010000407F
:109BF00003000020020000200200002002000020DC
:109C00000200002001000040018000C003C001806C
:109C1000003006000000000000000000000000000E
:109C20000000000000000000000000000000000034
:109C30000000000000000000000000000000000024
:109C40000000000000000000000000000000000014
:109C500000000000000000000000000002000020E2
:109C60000200002003FFFFE003FFFFE002000020EE
:109C7000020000200200002002000020030000601B
:109C800001000040018000C000F00780007FFE005E
:109C9000000FF800000000000000000000000000BD
:109CA00000000000000000000000000000000000B4
:109CB00000000000000000000000000000000000A4
:109CC0000000000000000000000000000000000094
:109CD0000000000000000000000000000200002062
:109CE0000200002003FFFFE003FFFFE0020100206D
:109CF00002010020020100200201002002010020D8
:109D000002038020020FE0200300006003C000E097
:109D100000600300000000000000000000000000E0
:109D20000000000000000000000000000000000033
:109D30000000000000000000000000000000000023
:109D40000000000000000000000000000000000013
:109D500000000000000000000000000002000020E1
:109D60000200002003FFFFE003FFFFE002010020EC
:109D700002010020020100000201000002010000B7
:109D80000201000002038000030FE0000300000056
:109D900003C00000006000000000000000000000A0
:109DA00000000000000000000000000000000000B3
:109DB00000000000000000000000000000000000A3
:109DC0000000000000000000000000000000000093
:109DD0000000000000000000000000000007F80084
:109DE000003FFE000070078001C001C0010000407C
:109DF00003000020020000200200002002000020DA
:109E0000010020200100204003C03F8000303F803F
:109E10000000200000002000000000000000000002
:109E20000000000000000000000000000000000032
:109E30000000000000000000000000000000000022
:109E40000000000000000000000000000000000012
:109E500000000000000000000200002002000020BE
:109E600003FFFFE003FFFFE00200802002008020EC
:109E700000008000000080000000800002008020C0
:109E80000200802003FFFFE003FFFFE0020000204C
:109E900002000020000000000000000000000000A0
:109EA00000000000000000000000000000000000B2
:109EB00000000000000000000000000000000000A2
:109EC0000000000000000000000000000000000092
:109ED0000000000000000000000000000000000082
:109EE000000000000200002002000020020000200C
:109EF0000200002003FFFFE003FFFFE0020000205C
:109F000002000020020000200200002000000000EB
:109F10000000000000000000000000000000000041
:109F20000000000000000000000000000000000031
:109F30000000000000000000000000000000000021
:109F40000000000000000000000000000000000011
:109F50000000000000000000000000000000000EF3
:109F60000000000F0000000F0000000102000001CF
:109F700002000001020000030200000603FFFFFCD4
:109F800003FFFFF8020000000200000002000000D2
:109F900002000000000000000000000000000000BF
:109FA00000000000000000000000000000000000B1
:109FB00000000000000000000000000000000000A1
:109FC0000000000000000000000000000000000091
:109FD000000000000000000000000000020000205F
:109FE0000200002003FFFFE003FFFFE00200C020AB
:109FF0000201002000078000000FE0000030F800A0
:10A0000002603E2003800F20030003E0020000E016
:10A0100002000020000000200000000000000000FE
:10A020000000000000000000000000000000000030
:10A030000000000000000000000000000000000020
:10A040000000000000000000000000000000000010
:10A0500000000000000000000000000002000020DE
:10A060000200002003FFFFE003FFFFE002000020EA
:10A07000020000200000002000000020000000205E
:10A08000000000200000002000000060000000E050
:10A0900000000300000000000000000000000000BD
:10A0A00000000000000000000000000000000000B0
:10A0B00000000000000000000000000000000000A0
:10A0C0000000000000000000000000000000000090
:10A0D000000000000000000002000020020000203C
:10A0E00003FFFFE003E0002003FF0020001FF0005B
:10A0F0000001FF8000000FE000001E000003E000F0
:10A10000003E002003E0002003FFFFE003FFFFE02C
:10A1100002000020020000200000000000000000FB
:10A12000000000000000000000000000000000002F
:10A13000000000000000000000000000000000001F
:10A14000000000000000000000000000000000000F
:10A1500000000000000000000200002002000020BB
:10A1600003FFFFE00380002003F0002000FC00005C
:10A17000001F00000007C0000001F00000007C008C
:10A1800002001F80020007E003FFFFE00200000062
:10A1900002000000000000000000000000000000BD
:10A1A00000000000000000000000000000000000AF
:10A1B000000000000000000000000000000000009F
:10A1C000000000000000000000000000000000008F
:10A1D000000000000000000000000000000FF80078
:10A1E000003FFE0000F00780018000C00100004039
:10A1F00002000020020000200200002002000020D7
:10A2000001000040018000C000F00380003FFE001C
:10A21000000FF80000000000000000000000000037
:10A22000000000000000000000000000000000002E
:10A23000000000000000000000000000000000001E
:10A24000000000000000000000000000000000000E
:10A2500000000000000000000000000002000020DC
:10A260000200002003FFFFE003FFFFE00200802068
:10A2700002008020020080000200800002008000B6
:10A2800002008000030180000183000000FE000046
:10A29000007C000000000000000000000000000042
:10A2A00000000000000000000000000000000000AE
:10A2B000000000000000000000000000000000009E
:10A2C000000000000000000000000000000000008E
:10A2D000000000000000000000000000000FF80077
:10A2E000007FFF0000F00380018001C001000640F4
:10A2F000020004200200042002000620020003E005
:10A30000010000F80180005C00E0038C003FFF0CBE
:10A31000000FFC180000000000000000000000001A
:10A32000000000000000000000000000000000002D
:10A33000000000000000000000000000000000001D
:10A34000000000000000000000000000000000000D
:10A3500000000000000000000000000002000020DB
:10A360000200002003FFFFE003FFFFE002010020E6
:10A3700002010020020180000201E0000201FC0055
:10A3800003033F80018607E001FC00E000F80020A5
:10A39000000000200000000000000000000000009D
:10A3A00000000000000000000000000000000000AD
:10A3B000000000000000000000000000000000009D
:10A3C000000000000000000000000000000000008D
:10A3D000000000000000000000000000000000007D
:10A3E0000078060000FE01E0018600C00303004083
:10A3F0000203002002018020020180200201C0200F
:10A400000200C0200100E060018070C003E03F80D6
:10A4100000001F000000000000000000000000001D
:10A42000000000000000000000000000000000002C
:10A43000000000000000000000000000000000001C
:10A44000000000000000000000000000000000000C
:10A45000000000000000000000000000006000009C
:10A460000380000003000000020000000200002042
:10A470000200002003FFFFE003FFFFE002000020D6
:10A480000200002002000000020000000380000023
:10A4900000E00000000000000000000000000000DC
:10A4A00000000000000000000000000000000000AC
:10A4B000000000000000000000000000000000009C
:10A4C000000000000000000000000000000000008C
:10A4D0000000000000000000020000000200000078
:10A4E00003FFFF0003FFFFC0020000400200006006
:10A4F00000000020000000200000002000000020DC
:10A50000020000400200008003FFFF000200000084
:10A510000200000000000000000000000000000039
:10A52000000000000000000000000000000000002B
:10A53000000000000000000000000000000000001B
:10A54000000000000000000000000000000000000B
:10A5500000000000000000000000000002000000F9
:10A560000200000003C0000003FC0000023FC00026
:10A570000003F80000007F80000007E00000078073
:10A58000000078000203C000023C000003C000008D
:10A5900002000000020000000000000000000000B7
:10A5A00000000000000000000000000000000000AB
:10A5B000000000000000000000000000000000009B
:10A5C000000000000000000000000000000000008B
:10A5D00000000000000000000200000003C00000B6
:10A5E00003FF8000023FFE0002007FE000000F003A
:10A5F0000200F00003EF000003FF8000020FFE00E6
:10A6000000003FE000001F000207E00003F8000028
:10A610000300000002000000000000000000000035
:10A62000000000000000000000000000000000002A
:10A63000000000000000000000000000000000001A
:10A64000000000000000000000000000000000000A
:10A6500000000000000000000000000002000020D8
:10A6600002000020038000E003F0032002FC0C2025
:10A67000021F30000007C0000007F00002187C0035
:10A6800002601F20038003E0020000E002000020BF
:10A69000000000200000000000000000000000009A
:10A6A00000000000000000000000000000000000AA
:10A6B000000000000000000000000000000000009A
:10A6C000000000000000000000000000000000008A
:10A6D0000000000000000000000000000200000078
:10A6E0000300000003C0000003F80000023E002049
:10A6F000020FC0200001FFE000007FE00003802087
:10A70000021C002002700000038000000200000014
:10A710000200000000000000000000000000000037
:10A720000000000000000000000000000000000029
:10A730000000000000000000000000000000000019
:10A740000000000000000000000000000000000009
:10A7500000000000000000000000000000000020D9
:10A76000006000E0038003E003000FA002003E2031
:10A770000200F8200203E020020F8020023E0020A9
:10A780000278002003E00060038000E00200030084
:10A7900000000000000000000000000000000000B9
:10A7A00000000000000000000000000000000000A9
:10A7B0000000000000000000000000000000000099
:10A7C0000000000000000000000000000000000089
:10A7D0000000000000000000000000000000000079
:10A7E0000000000000000000000000000000000069
:10A7F0001FFFFFFC10000004100000041000000404
:10A8000010000004100000041000000410000004F8
:10A810000000000000000000000000000000000038
:10A820000000000000000000000000000000000028
:10A830000000000000000000000000000000000018
:10A840000000000000000000000000000000000008
:10A8500000000000000000000000000000000000F8
:10A86000000000000700000003C0000000780000A6
:10A87000001E00000003C0000000F00000001E00E9
:10A8800000000780000000F00000003C000000060F
:10A8900000000000000000000000000000000000B8
:10A8A00000000000000000000000000000000000A8
:10A8B0000000000000000000000000000000000098
:10A8C0000000000000000000000000000000000088
:10A8D0000000000000000000000000000000000078
:10A8E0001000000410000004100000041000000418
:10A8F0001000000410000004100000041FFFFFFC03
:10A900000000000000000000000000000000000047
:10A910000000000000000000000000000000000037
:10A920000000000000000000000000000000000027
:10A930000000000000000000000000000000000017
:10A940000000000000000000000000000000000007
:10A9500000000000000000000000000000000000F7
:10A9600000000000000000000200000004000000E1
:10A97000080000001800000010000000180000008F
:10A9800018000000040000000200000000000000A9
:10A9900000000000000000000000000000000000B7
:10A9A00000000000000000000000000000000000A7
:10A9B0000000000000000000000000000000000097
:10A9C0000000000000000000000000000000000087
:10A9D0000000000000000000000000010000000175
:10A9E0000000000100000001000000010000000163
:10A9F0000000000100000001000000010000000153
:10AA00000000000100000001000000010000000142
:10AA10000000000100000001000000000000000034
:10AA20000000000000000000000000000000000026
:10AA30000000000000000000000000000000000016
:10AA40000000000000000000000000000000000006
:10AA500000000000000000000000000000000000F6
:10AA600000000000100000001000000010000000B6
:10AA700018000000080000000400000000000000B2
:10AA800000000000000000000000000000000000C6
:10AA900000000000000000000000000000000000B6
:10AAA00000000000000000000000000000000000A6
:10AAB0000000000000000000000000000000000096
:10AAC0000000000000000000000000000000000086
:10AAD00000000000000000000000000000000380F3
:10AAE00000018FC000038C600006182000041020B5
:10AAF0000004102000042020000420400006204014
:10AB00000003FFC00001FFE0000000200000002063
:10AB1000000000C000000000000000000000000075
:10AB20000000000000000000000000000000000025
:10AB30000000000000000000000000000000000015
:10AB40000000000000000000000000000000000005
:10AB500000000000000000000000000002000000F3
:10AB60000200000003FFFFE007FFFFC0000180C0FC
:10AB70000002006000020020000400200004002009
:10AB80000004002000060040000300C00001FF8018
:10AB90000000FE00000000000000000000000000B7
:10ABA00000000000000000000000000000000000A5
:10ABB0000000000000000000000000000000000095
:10ABC0000000000000000000000000000000000085
:10ABD0000000000000000000000000000000000075
:10ABE00000007E000001FF80000381C000020040E1
:10ABF00000060020000400200004002000040020C3
:10AC0000000600200003C0400001C08000000300D7
:10AC10000000000000000000000000000000000034
:10AC20000000000000000000000000000000000024
:10AC30000000000000000000000000000000000014
:10AC40000000000000000000000000000000000004
:10AC500000000000000000000000000000000000F4
:10AC600000007E000001FF80000380C0000600603D
:10AC70000004002000040020000400200204004022
:10AC80000202008003FFFFE007FFFFC0000000405A
:10AC90000000004000000000000000000000000074
:10ACA00000000000000000000000000000000000A4
:10ACB0000000000000000000000000000000000094
:10ACC0000000000000000000000000000000000084
:10ACD0000000000000000000000000000000000074
:10ACE00000007E000001FF80000311C00002104040
:10ACF0000004106000041020000410200004102044
:10AD000000061020000310400001F0C00000710098
:10AD10000000000000000000000000000000000033
:10AD20000000000000000000000000000000000023
:10AD30000000000000000000000000000000000013
:10AD40000000000000000000000000000000000003
:10AD500000000000000000000000000000000000F3
:10AD60000004000000040020000400200004002073
:10AD7000007FFFE001FFFFE001040020030400204A
:10AD8000020400200204002002040000020000006F
:10AD900001C0000001C00000000000000000000031
:10ADA00000000000000000000000000000000000A3
:10ADB0000000000000000000000000000000000093
:10ADC0000000000000000000000000000000000083
:10ADD0000000000000000000000000000000000073
:10ADE0000000001C0000E33E0003FFC200020CC391
:10ADF000000404C1000404C1000404C1000404C12F
:10AE000000060CC10003F8C30005F0620006007ED6
:10AE10000006003C000000000000000000000000F0
:10AE20000000000000000000000000000000000022
:10AE30000000000000000000000000000000000012
:10AE40000000000000000000000000000000000002
:10AE500000000000000000000000000002000020D0
:10AE60000200002003FFFFE007FFFFE000010020D9
:10AE700000020020000600000004000000040000A2
:10AE800000040020000600200003FFE00001FFE0B6
:10AE90000000002000000020000000000000000072
:10AEA00000000000000000000000000000000000A2
:10AEB0000000000000000000000000000000000092
:10AEC0000000000000000000000000000000000082
:10AED0000000000000000000000000000000000072
:10AEE00000000000000400200004002000040020F6
:10AEF000000400200387FFE0038FFFE003800020B1
:10AF000000000020000000200000002000000000E1
:10AF10000000000000000000000000000000000031
:10AF20000000000000000000000000000000000021
:10AF30000000000000000000000000000000000011
:10AF40000000000000000000000000000000000001
:10AF500000000000000000000000000000000000F1
:10AF600000000000000000060000000700000001D3
:10AF700000000001000400010004000100040003BF
:10AF8000000400060387FFFC038FFFF80380000026
:10AF900000000000000000000000000000000000B1
:10AFA00000000000000000000000000000000000A1
:10AFB0000000000000000000000000000000000091
:10AFC0000000000000000000000000000000000081
:10AFD000000000000000000000000000020000204F
:10AFE0000200002003FFFFE007FFFFE00000082051
:10AFF00000001020000030000000FC0000058E0062
:10B00000000707A0000601E0000400E000040020A3
:10B010000000002000000000000000000000000010
:10B020000000000000000000000000000000000020
:10B030000000000000000000000000000000000010
:10B040000000000000000000000000000000000000
:10B0500000000000000000000000000000000000F0
:10B06000000000000200002002000020020000207A
:10B070000200002003FFFFE007FFFFE000000020C8
:10B080000000002000000020000000200000000060
:10B0900000000000000000000000000000000000B0
:10B0A00000000000000000000000000000000000A0
:10B0B0000000000000000000000000000000000090
:10B0C0000000000000000000000000000000000080
:10B0D000000000000000000000000000000400204C
:10B0E0000007FFE0000FFFE0000200200004000066
:10B0F000000400200007FFE00003FFE00002002042
:10B1000000040000000400200007FFE00003FFE04F
:10B11000000000200000000000000000000000000F
:10B12000000000000000000000000000000000001F
:10B13000000000000000000000000000000000000F
:10B1400000000000000000000000000000000000FF
:10B1500000000000000000000000000000040020CB
:10B16000000400200007FFE0000FFFE000010020C6
:10B1700000020020000200000004000000040000A3
:10B1800000040020000600200003FFE00001FFE0B3
:10B19000000000200000002000000000000000006F
:10B1A000000000000000000000000000000000009F
:10B1B000000000000000000000000000000000008F
:10B1C000000000000000000000000000000000007F
:10B1D000000000000000000000000000000000006F
:10B1E00000007E000000FF80000381C000020040DC
:10B1F00000060020000400200004002000040020BD
:10B200000006002000020040000381C00001FF8012
:10B2100000007E00000000000000000000000000B0
:10B22000000000000000000000000000000000001E
:10B23000000000000000000000000000000000000E
:10B2400000000000000000000000000000000000FE
:10B2500000000000000000000000000000040001E9
:10B26000000400010007FFFF000FFFFF000100C105
:10B27000000200410004002000040020000400201F
:10B280000004002000060040000301C00001FF8010
:10B2900000007E0000000000000000000000000030
:10B2A000000000000000000000000000000000009E
:10B2B000000000000000000000000000000000008E
:10B2C000000000000000000000000000000000007E
:10B2D000000000000000000000000000000000006E
:10B2E00000007E000001FF80000380C000020060BB
:10B2F00000040020000400200004002000040020BE
:10B3000000020041000300C10003FFFF0007FFFF30
:10B31000000000010000000100000000000000002B
:10B32000000000000000000000000000000000001D
:10B33000000000000000000000000000000000000D
:10B3400000000000000000000000000000000000FD
:10B3500000000000000000000000000000040020C9
:10B36000000400200004002000040020000FFFE083
:10B37000000FFFE00000C0200001002000020020BC
:10B380000006002000040000000400000007000088
:10B3900000030000000000000000000000000000AA
:10B3A000000000000000000000000000000000009D
:10B3B000000000000000000000000000000000008D
:10B3C000000000000000000000000000000000007D
:10B3D000000000000000000000000000000000006D
:10B3E000000003E00001C0E00003E0400006302060
:10B3F0000004302000041820000418200004182045
:10B4000000040C2000020C60000307C000078380CA
:10B41000000000000000000000000000000000002C
:10B42000000000000000000000000000000000001C
:10B43000000000000000000000000000000000000C
:10B4400000000000000000000000000000000000FC
:10B4500000000000000000000000000000000000EC
:10B46000000400000004000000040000000C0000C4
:10B47000001FFF8000FFFFC00004006000040020E8
:10B4800000040020000400200004004000000180AF
:10B4900000000000000000000000000000000000AC
:10B4A000000000000000000000000000000000009C
:10B4B000000000000000000000000000000000008C
:10B4C000000000000000000000000000000000007C
:10B4D0000000000000000000000000000004000068
:10B4E000000400000007FF80000FFFC000000060A4
:10B4F00000000020000000200000002000000020CC
:10B5000000040040000400800007FFE0000FFFC0BF
:10B5100000000040000000400000000000000000AB
:10B52000000000000000000000000000000000001B
:10B53000000000000000000000000000000000000B
:10B5400000000000000000000000000000000000FB
:10B5500000000000000000000000000000040000E7
:10B5600000040000000780000007F0000004FE0057
:10B5700000041FC0000003E00000038000001C0066
:10B5800000046000000780000006000000040000C6
:10B5900000000000000000000000000000000000AB
:10B5A000000000000000000000000000000000009B
:10B5B000000000000000000000000000000000008B
:10B5C000000000000000000000000000000000007B
:10B5D0000000000000000000000400000006000061
:10B5E0000007C0000007FC0000043F80000003E0EB
:10B5F00000040F800006F0000007F0000007FF8045
:10B6000000040FE00000038000043C000007C000BD
:10B610000006000000040000000000000000000020
:10B62000000000000000000000000000000000001A
:10B63000000000000000000000000000000000000A
:10B6400000000000000000000000000000000000FA
:10B6500000000000000000000000000000000020CA
:10B660000004002000040060000700E000078320C1
:10B670000007E6000004F80000003C0000045E2023
:10B68000000587A0000601E000040060000400201F
:10B69000000000200000000000000000000000008A
:10B6A000000000000000000000000000000000009A
:10B6B000000000000000000000000000000000008A
:10B6C000000000000000000000000000000000007A
:10B6D0000000000000000000000000000004000066
:10B6E00000040003000700030007E0010004F80164
:10B6F00000041F02000007FC000000E0000007003B
:10B70000000438000007C00000060000000400002C
:10B710000004000000000000000000000000000025
:10B720000000000000000000000000000000000019
:10B730000000000000000000000000000000000009
:10B7400000000000000000000000000000000000F9
:10B7500000000000000000000000000000000000E9
:10B7600000078060000600E0000403E0000407A07A
:10B7700000040E2000043C20000470200005E0209E
:10B780000007802000070060000400E00000038044
:10B7900000000000000000000000000000000000A9
:10B7A0000000000000000000000000000000000099
:10B7B0000000000000000000000000000000000089
:10B7C0000000000000000000000000000000000079
:10B7D0000000000000000000000000000000000069
:10B7E0000000000000000000000000000000000059
:10B7F0000000000000008000000080000001400008
:10B8000007FE3FF8080000041000000210000002CC
:10B810000000000000000000000000000000000028
:10B820000000000000000000000000000000000018
:10B830000000000000000000000000000000000008
:10B8400000000000000000000000000000000000F8
:10B8500000000000000000000000000000000000E8
:10B8600000000000000000000000000000000000D8
:10B870000000000000000000FFFFFFFF00000000CC
:10B8800000000000000000000000000000000000B8
:10B8900000000000000000000000000000000000A8
:10B8A0000000000000000000000000000000000098
:10B8B0000000000000000000000000000000000088
:10B8C0000000000000000000000000000000000078
:10B8D0000000000000000000000000000000000068
:10B8E00010000002100000020800000407FE3FF8EC
:10B8F0000001400000008000000080000000000007
:10B900000000000000000000000000000000000037
:10B910000000000000000000000000000000000027
:10B920000000000000000000000000000000000017
:10B930000000000000000000000000000000000007
:10B9400000000000000000000000000000000000F7
:10B9500000000000000000000000000018000000CF
:10B9600030000000400000004000000040000000E7
:10B97000200000003000000008000000040000006B
:10B980000200000002000000020000000C000000A5
:10B99000180000000000000000000000000000008F
:10B9A0000000000000000000000000000000000097
:10B9B0000000000000000000000000000000000087
:10B9C0000000000000000000000000000000000077
:10B9D00000000000000000003031323334353637CB
:10B9E00038394142434445464030580030313233C3
:10B9F00034353637383961626364656640307800C3
:10BA000020BA0008000000205C000000E8010008E7
:10BA10007CBA00085C0000209CB30200040200080D
:10BA20000024F400000000000000000001020304F4
:10BA300006070809000000000000000000000000E8
:10BA4000000000006D6D0008216E000880010020DC
:10BA500000401FC000000010808102200000E3C1F0
:10BA600000F000100000000001000000000000FFD6
:0CBA7000FFFFFFFF0000000000000000CE
:04000005080001AD41
:00000001FF
